english,pos,cefr,translation_tr,alt_translation_tr,disambiguation,warning
AIDS,noun,B2,AIDS,,,
April,noun,A1,Nisan,,,
August,noun,A1,Ağustos,,,
CD,noun,A1,CD,,,
DVD,noun,A1,DVD,,,
December,noun,A1,Aralık,,,
February,noun,A1,Şubat,,,
Friday,noun,A1,Cuma,,,
I,pronoun,A1,ben,,,
ID,noun,B2,kimlik,,,
IT,noun,B1,bilişim,,,
January,noun,A1,Ocak,,,
July,noun,A1,Temmuz,,,
June,noun,A1,Haziran,,,
March,noun,A1,Mart,,,
May,noun,A1,Mayıs,,,
Monday,noun,A1,Pazartesi,,,
November,noun,A1,Kasım,,,
OK,exclamation,A1,tamam,,,
October,noun,A1,Ekim,,,
Saturday,noun,A1,Cumartesi,,,
September,noun,A1,Eylül,,,
Sunday,noun,A1,Pazar,,,
T-shirt,noun,A1,tişört,,,
TV,noun,A1,televizyon,,,
Thursday,noun,A1,Perşembe,,,
Tuesday,noun,A1,Salı,,,
Wednesday,noun,A1,Çarşamba,,,
abandon,verb,B2,terk etmek,,,
ability,noun,A2,yetenek,,,
able,adjective,A2,muktedir,yapabilen,,
abolish,verb,C1,kaldırmak,feshetmek,,
abortion,noun,C1,kürtaj,,,gevoelig onderwerp (medisch/ethisch geladen)
about,preposition,A1,hakkında,,"zie ook about (bijwoord) (concerning, regarding)",
about,adverb,A2,yaklaşık,,zie ook about (voorzetsel) (approximately),
above,preposition,A1,üstünde,,"zie ook above (bijwoord) (higher than, over)",
above,adverb,A1,yukarıda,,"zie ook above (voorzetsel) (higher up, overhead)",
abroad,adverb,B2,yurt dışında,,,
absence,noun,C1,yokluk,devamsızlık,,
absent,adjective,C1,yok,devamsız,,
absolute,adjective,B2,kesin,mutlak,,
absolutely,adverb,B1,kesinlikle,,,
absorb,verb,B2,emmek,özümsemek,,
abstract,adjective,B2,soyut,,,
absurd,adjective,C1,saçma,gülünç,,
abuse,noun,C1,istismar,suistimal,"zelfstandig naamwoord — zie ook abuse (werkwoord) (mistreatment, misuse)",
abuse,verb,C1,kötüye kullanmak,istismar etmek,"werkwoord — zie ook abuse (zelfstandig naamwoord) (to mistreat, misuse)",
academic,adjective,B1,akademik,,,
academy,noun,C1,akademi,,,
accelerate,verb,C1,hızlandırmak,,,
accent,noun,B2,aksan,şive,,
accept,verb,A2,kabul etmek,,,
acceptable,adjective,B2,kabul edilebilir,,,
acceptance,noun,C1,kabul,,,
access,noun,B1,erişim,,"zelfstandig naamwoord — zie ook access (werkwoord) (a way in, entry)",
access,verb,B1,erişmek,,"werkwoord — zie ook access (zelfstandig naamwoord) (to reach, get into)",
accessible,adjective,C1,erişilebilir,,,
accident,noun,A2,kaza,,,
accidentally,adverb,B2,kazara,yanlışlıkla,,
accommodate,verb,B2,barındırmak,uyum sağlamak,,
accommodation,noun,B2,konaklama,barınma,,
accompany,verb,B2,eşlik etmek,,,
accomplish,verb,B2,başarmak,gerçekleştirmek,,
accomplishment,noun,C1,başarı,,,
according to,preposition,A2,göre,,,
accordingly,adverb,C1,buna göre,dolayısıyla,,
account,noun,B1,hesap,,"zelfstandig naamwoord — zie ook account (werkwoord) (a record, a bank account)",
account,verb,B2,hesaba katmak,,werkwoord ('account for') — zie ook account (zelfstandig naamwoord) (to account for: to explain),
accountability,noun,C1,hesap verebilirlik,,,
accountable,adjective,C1,hesap verebilir,sorumlu,,
accountant,noun,B2,muhasebeci,,,
accumulate,verb,C1,biriktirmek,,,
accumulation,noun,C1,birikim,,,
accuracy,noun,B2,doğruluk,,,
accurate,adjective,B2,doğru,kesin,,
accurately,adverb,B2,doğru bir şekilde,,,
accusation,noun,C1,suçlama,itham,,
accuse,verb,B2,suçlamak,,,
accused,noun,C1,sanık,,,
achieve,verb,A2,başarmak,,,
achievement,noun,B1,başarı,,,
acid,noun,B2,asit,,(a sour chemical substance),
acid,adjective,C1,asitli,ekşi,"(sharp, sour)",
acknowledge,verb,B2,kabul etmek,onaylamak,,
acquire,verb,B2,edinmek,,,
acquisition,noun,C1,edinim,satın alma,,
acre,noun,B2,dönüm,,,'dönüm' (~940 m²) is geen exacte match voor acre (~4047 m²)
across,preposition,A1,karşısında,boyunca,zie ook across (bijwoord) (to/on the other side of),
across,adverb,A1,karşıya,,zie ook across (voorzetsel) (from one side to the other),
act,verb,A2,hareket etmek,,"werkwoord — zie ook act (zelfstandig naamwoord) (to behave, perform)",
act,noun,B1,eylem,,"zelfstandig naamwoord (handeling/daad) — zie ook act (bedrijf van toneelstuk) (an action, a deed)",
act,noun,C1,perde,,"zelfstandig naamwoord (bedrijf van een toneelstuk) — zie ook act (handeling) (an action, a deed)",
action,noun,A1,eylem,,,
activate,verb,B2,etkinleştirmek,harekete geçirmek,,
activation,noun,C1,etkinleştirme,,,
active,adjective,A2,aktif,,,
activist,noun,C1,aktivist,eylemci,,
activity,noun,A1,etkinlik,aktivite,,
actor,noun,A1,aktör,,,
actress,noun,A1,aktris,,,
actual,adjective,B2,gerçek,,,
actually,adverb,A2,aslında,,,
acute,adjective,C1,akut,şiddetli,ook: acute angle = dar açı,
ad,noun,B1,reklam,,,informeel
adapt,verb,B2,uyarlamak,uyum sağlamak,,
adaptation,noun,C1,uyarlama,adaptasyon,,
add,verb,A1,eklemek,,,
addiction,noun,B2,bağımlılık,,,
addition,noun,B1,ekleme,ilave,,
additional,adjective,B2,ek,,,
additionally,adverb,B2,ayrıca,,,
address,noun,A1,adres,,"zelfstandig naamwoord — zie ook address (werkwoord) (a location, e.g. a street address)",
address,verb,B2,hitap etmek,ele almak,"werkwoord — zie ook address (zelfstandig naamwoord) (to speak to, or to deal with)",
adequate,adjective,B2,yeterli,,,
adequately,adverb,B2,yeterince,,,
adhere,verb,C1,bağlı kalmak,yapışmak,,
adjacent,adjective,C1,bitişik,komşu,,
adjust,verb,B2,ayarlamak,uyum sağlamak,,
adjustment,noun,C1,ayarlama,düzenleme,,
administer,verb,C1,yönetmek,uygulamak,,
administration,noun,B1,yönetim,idare,,
administrative,adjective,C1,idari,,,
administrator,noun,C1,yönetici,,,
admire,verb,B1,hayran olmak,,,
admission,noun,C1,kabul,itiraf,"toelating, of bekentenis",
admit,verb,B1,kabul etmek,itiraf etmek,,
adolescent,noun,C1,ergen,,,
adopt,verb,B2,benimsemek,evlat edinmek,,
adoption,noun,C1,evlat edinme,benimseme,"kind adopteren, of idee/gewoonte overnemen",
adult,noun,A1,yetişkin,,zelfstandig naamwoord — zie ook adult (bijvoeglijk) (a grown-up person),
adult,adjective,A2,yetişkin,,bijvoeglijk naamwoord — zie ook adult (zelfstandig) (fully grown),
advance,noun,B2,ilerleme,,"zelfstandig naamwoord — zie ook advance (werkwoord/bijvoeglijk) (progress, a step forward)",
advance,verb,B2,ilerlemek,,"werkwoord — zie ook advance (zelfstandig/bijvoeglijk) (to move forward, progress)",
advance,adjective,B2,ön,,bijvoeglijk naamwoord — zie ook advance (zelfstandig/werkwoord) (done ahead of time),
advanced,adjective,B1,ileri düzey,,,
advantage,noun,A2,avantaj,,,
adventure,noun,A2,macera,,,
adverse,adjective,C1,olumsuz,ters,,
advertise,verb,A2,reklamını yapmak,,,
advertisement,noun,A2,reklam,,,
advertising,noun,A2,reklamcılık,,,
advice,noun,A1,tavsiye,öğüt,,
advise,verb,B1,tavsiye etmek,,,
advocate,noun,C1,savunucu,,(a supporter),
advocate,verb,C1,savunmak,,"(to support, argue for)",
aesthetic,adjective,C1,estetik,,,
affair,noun,B2,mesele,,zelfstandig naamwoord (kwestie/zaak) — zie ook affair (buitenechtelijke relatie),
affair,noun,C1,aşk ilişkisi,,zelfstandig naamwoord (buitenechtelijke liefdesrelatie) — zie ook affair (kwestie),
affect,verb,A2,etkilemek,,,
affection,noun,C1,sevgi,şefkat,,
afford,verb,B1,gücü yetmek,,,
affordable,adjective,B2,uygun fiyatlı,ekonomik,,
afraid,adjective,A1,korkmuş,,,
after,preposition,A1,sonra,,zie ook after (bijwoord/voegwoord) (following in time),
after,adverb,A2,sonra,,"zie ook after (voorzetsel) (afterwards, later)",
aftermath,noun,C1,sonrası,art etki,,
afternoon,noun,A1,öğleden sonra,,,
afterward,adverb,B2,daha sonra,,,
again,adverb,A1,tekrar,yine,,
against,preposition,A2,karşı,,,
age,noun,A1,yaş,,zelfstandig naamwoord — zie ook age (werkwoord) (how old someone/something is),
age,verb,B1,yaşlanmak,,werkwoord — zie ook age (zelfstandig naamwoord) (to grow older),
aged,adjective,B2,yaşlı,,,
agency,noun,B2,ajans,,,
agenda,noun,B2,gündem,,,
agent,noun,B1,ajan,temsilci,,
aggression,noun,C1,saldırganlık,,,
aggressive,adjective,B2,saldırgan,,,
ago,adverb,A1,önce,,,
agree,verb,A1,katılmak,aynı fikirde olmak,,
agreement,noun,B1,anlaşma,,,
agricultural,adjective,C1,tarımsal,,,
agriculture,noun,B2,tarım,,,
ah,exclamation,A2,ah,,,
ahead,adverb,B1,ileride,önde,,
aid,noun,B2,yardım,,"zelfstandig naamwoord — zie ook aid (werkwoord) (help, assistance)",
aid,verb,B2,yardım etmek,,"werkwoord — zie ook aid (zelfstandig naamwoord) (to help, assist)",
aide,noun,C1,yardımcı,,,
aim,verb,B1,amaçlamak,,"werkwoord — zie ook aim (zelfstandig naamwoord) (to point, or to intend)",
aim,noun,B1,amaç,,"zelfstandig naamwoord — zie ook aim (werkwoord) (a goal, purpose)",
air,noun,A1,hava,,,
aircraft,noun,B2,uçak,,,
airline,noun,A2,havayolu,,,
airport,noun,A1,havaalanı,,,
alarm,noun,B1,alarm,,zelfstandig naamwoord — zie ook alarm (werkwoord) (a warning signal),
alarm,verb,B2,alarma geçirmek,endişelendirmek,"werkwoord — zie ook alarm (zelfstandig naamwoord) (to frighten, worry)",
album,noun,B1,albüm,,,
alcohol,noun,B1,alkol,,,
alcoholic,adjective,B1,alkollü,,,
alert,adjective,C1,tetikte,uyanık,"(watchful, attentive)",
alert,noun,C1,alarm,uyarı,(a warning signal),
alert,verb,C1,uyarmak,,(to warn someone),
alien,noun,B2,uzaylı,yabancı,(a being from another planet),
alien,adjective,C1,yabancı,,"(foreign, unfamiliar)",
align,verb,C1,hizalamak,uyumlu hale getirmek,,
alignment,noun,C1,hizalama,uyum,,
alike,adjective,C1,benzer,,(similar),
alike,adverb,C1,aynı şekilde,,(in the same way),
alive,adjective,A2,canlı,hayatta,,
all,determiner,A1,hepsi,tüm,,
all right,adjective,A2,iyi,tamam,,
allegation,noun,C1,iddia,,,
allege,verb,C1,iddia etmek,,,
allegedly,adverb,C1,iddiaya göre,,,
alliance,noun,C1,ittifak,,,
allocate,verb,C1,tahsis etmek,ayırmak,,
allocation,noun,C1,tahsis,dağıtım,,
allow,verb,A2,izin vermek,,,
allowance,noun,C1,ödenek,harçlık,,
ally,noun,C1,müttefik,,,
almost,adverb,A2,neredeyse,,,
alone,adjective,A2,yalnız,,,
along,preposition,A2,boyunca,,,
alongside,preposition,B2,yanında,birlikte,,
already,adverb,A2,zaten,,,
also,adverb,A1,ayrıca,de/da,,
alter,verb,B2,değiştirmek,,,
alternative,noun,A2,alternatif,,zelfstandig naamwoord — zie ook alternative (bijvoeglijk) (another option),
alternative,adjective,B1,alternatif,,bijvoeglijk naamwoord — zie ook alternative (zelfstandig) (offering another option),
although,conjunction,A2,rağmen,her ne kadar,,
altogether,adverb,B2,tamamen,toptan,,
aluminum,noun,C1,alüminyum,,,
always,adverb,A1,her zaman,,,
amateur,adjective/noun,C1,amatör,,,
amazed,adjective,B1,hayrete düşmüş,şaşkın,,
amazing,adjective,A1,şaşırtıcı,harika,,
ambassador,noun,C1,büyükelçi,,,
ambition,noun,B1,hırs,tutku,,
ambitious,adjective,B2,hırslı,iddialı,,
ambulance,noun,B2,ambulans,,,
amend,verb,C1,değiştirmek,düzeltmek,,
amendment,noun,C1,değişiklik,tadilat,,
amid,preposition,C1,ortasında,arasında,,
among,preposition,A2,arasında,,,
amount,noun,A2,miktar,,zelfstandig naamwoord — zie ook amount (werkwoord) (a quantity),
amount,verb,B2,varmak,toplamına ulaşmak,werkwoord — zie ook amount (zelfstandig naamwoord) (to amount to: to add up to),
amusing,adjective,B2,eğlenceli,komik,,
analogy,noun,C1,benzetme,analoji,,
analysis,noun,B1,analiz,,,
analyst,noun,B2,analist,,,
analyze,verb,A2,analiz etmek,,,
ancestor,noun,B2,ata,,,
anchor,noun,B2,çapa,,zelfstandig naamwoord (scheepsanker) — zie ook anchor (nieuwslezer),
anchor,noun,C1,haber sunucusu,,zelfstandig naamwoord (nieuwslezer/presentator) — zie ook anchor (anker),
ancient,adjective,A2,antik,eski,,
and,conjunction,A1,ve,,,
angel,noun,C1,melek,,,
anger,noun,B2,öfke,,,
angle,noun,B2,açı,,,
angry,adjective,A1,kızgın,öfkeli,,
animal,noun,A1,hayvan,,,
animation,noun,B2,animasyon,,,
ankle,noun,A2,ayak bileği,,,
anniversary,noun,B2,yıldönümü,,,
announce,verb,B1,duyurmak,,,
announcement,noun,B1,duyuru,,,
annoy,verb,B1,sinirlendirmek,rahatsız etmek,,
annoyed,adjective,B1,sinirlenmiş,,,
annoying,adjective,B1,sinir bozucu,,,
annual,adjective,B2,yıllık,,,
annually,adverb,B2,yıllık olarak,her yıl,,
anonymous,adjective,C1,anonim,isimsiz,,
another,determiner,A1,başka bir,,,
answer,noun,A1,cevap,,zelfstandig naamwoord — zie ook answer (werkwoord) (a reply),
answer,verb,A1,cevaplamak,,werkwoord — zie ook answer (zelfstandig naamwoord) (to reply),
anticipate,verb,B2,beklemek,öngörmek,,
anxiety,noun,B2,kaygı,endişe,,
anxious,adjective,B2,endişeli,kaygılı,,
any,determiner,A1,herhangi bir,,,
anybody,pronoun,A2,herhangi biri,,,
anymore,adverb,A2,artık,,,
anyone,pronoun,A1,herhangi biri,kimse,,
anything,pronoun,A1,herhangi bir şey,,,
anyway,adverb,A2,her neyse,,,
anywhere,adverb,A2,herhangi bir yerde,,,
apart,adverb,B1,ayrı,,,
apartment,noun,A1,daire,,,
apologize,verb,B1,özür dilemek,,,
apology,noun,B2,özür,,,
app,noun,A2,uygulama,,,
apparatus,noun,C1,aygıt,cihaz,,
apparel,noun,C1,giyim,kıyafet,"Amerikaans-Engels, formeel",
apparent,adjective,B2,görünür,açık,,
apparently,adverb,B2,görünüşe göre,,,
appeal,noun,B2,çekicilik,,zelfstandig naamwoord (aantrekkingskracht) — zie ook appeal (hoger beroep) (attractiveness),
appeal,noun,C1,temyiz,,zelfstandig naamwoord (juridisch hoger beroep) — zie ook appeal (aantrekkingskracht) (attractiveness),
appeal,verb,B2,çekici gelmek,,"werkwoord (aantrekkelijk zijn) — zie ook appeal (in beroep gaan) (to be attractive, or to formally request a review)",
appeal,verb,C1,itiraz etmek,,"werkwoord (in beroep gaan tegen een beslissing) — zie ook appeal (aantrekkelijk zijn) (to be attractive, or to formally request a review)",
appealing,adjective,C1,çekici,cazip,,
appear,verb,A2,görünmek,ortaya çıkmak,,
appearance,noun,A2,görünüm,görünüş,,
appetite,noun,C1,iştah,,,
applaud,verb,C1,alkışlamak,,,
apple,noun,A1,elma,,,
applicable,adjective,C1,geçerli,uygulanabilir,,
applicant,noun,B2,başvuran,aday,,
application,noun,B1,başvuru,uygulama,,
apply,verb,A2,başvurmak,uygulamak,,
appoint,verb,C1,atamak,,,
appointment,noun,B1,randevu,,,
appreciate,verb,B1,takdir etmek,,,
appreciation,noun,C1,takdir,minnettarlık,,
approach,noun,B2,yaklaşım,,"zelfstandig naamwoord — zie ook approach (werkwoord) (a method, way of doing something)",
approach,verb,B2,yaklaşmak,,werkwoord — zie ook approach (zelfstandig naamwoord) (to come closer to),
appropriate,adjective,B2,uygun,,,
appropriately,adverb,B2,uygun şekilde,,,
approval,noun,B2,onay,,,
approve,verb,B2,onaylamak,,,
approximately,adverb,B1,yaklaşık olarak,,,
arbitrary,adjective,C1,keyfi,,,
architect,noun,A2,mimar,,,
architectural,adjective,C1,mimari,,,
architecture,noun,A2,mimarlık,,,
archive,noun,C1,arşiv,,,
area,noun,A1,alan,bölge,,
arena,noun,C1,arena,,,
argue,verb,A2,tartışmak,,,
argument,noun,A2,tartışma,argüman,,
arise,verb,B2,ortaya çıkmak,,,
arm,verb,C1,silahlandırmak,,"werkwoord — niet te verwarren met arm (lichaamsdeel, A1) (to equip with weapons)",
arm,noun,A1,kol,,(the body part),
armed,adjective,B2,silahlı,,,
arms,noun,B2,silahlar,,,
army,noun,A2,ordu,,,
around,preposition,A1,etrafında,çevresinde,,
arrange,verb,A2,düzenlemek,ayarlamak,,
arrangement,noun,A2,düzenleme,ayarlama,,
array,noun,C1,dizi,çeşitlilik,,
arrest,verb,B1,tutuklamak,,werkwoord — zie ook arrest (zelfstandig naamwoord) (to take someone into custody),
arrest,noun,B1,tutuklama,,zelfstandig naamwoord — zie ook arrest (werkwoord) (the act of taking someone into custody),
arrival,noun,B1,varış,,,
arrive,verb,A1,varmak,,,
arrow,noun,B2,ok,,,
art,noun,A1,sanat,,,
article,noun,A1,makale,,,
articulate,verb,C1,dile getirmek,ifade etmek,,
artificial,adjective,B2,yapay,,,
artist,noun,A1,sanatçı,,,
artistic,adjective,B2,sanatsal,,,
artwork,noun,B2,sanat eseri,,,
as,preposition,A1,gibi,olarak,zie ook as (bijwoord/voegwoord),
ash,noun,C1,kül,,,
ashamed,adjective,B2,utanmış,,,
aside,adverb,B2,kenara,bir yana,,
ask,verb,A1,sormak,,,
asleep,adjective,A2,uykuda,,,
aspect,noun,B2,yön,boyut,,
aspiration,noun,C1,özlem,emel,,
aspire,verb,C1,özlemini çekmek,hedeflemek,,
assassination,noun,C1,suikast,,,
assault,noun,C1,saldırı,,(a violent physical attack),
assault,verb,C1,saldırmak,,(to attack violently),
assemble,verb,C1,toplamak,monte etmek,,
assembly,noun,C1,meclis,montaj,"parlement/vergadering, of technische montage",
assert,verb,C1,iddia etmek,öne sürmek,,
assertion,noun,C1,iddia,,,
assess,verb,B2,değerlendirmek,,,
assessment,noun,B2,değerlendirme,,,
asset,noun,B2,varlık,,,
assign,verb,B2,atamak,görevlendirmek,,
assignment,noun,B1,ödev,görev,,
assist,verb,B1,yardım etmek,,,
assistance,noun,B2,yardım,,,
assistant,noun,A2,asistan,,,
associate,verb,B2,ilişkilendirmek,,,
associated,adjective,B2,ilişkili,,,
association,noun,B2,dernek,birlik,,
assume,verb,B2,varsaymak,,,
assumption,noun,B2,varsayım,,,
assurance,noun,C1,güvence,,,
assure,verb,B2,temin etmek,güvence vermek,,
astonishing,adjective,B2,şaşırtıcı,,,
asylum,noun,C1,sığınma,iltica,,
at,preposition,A1,-de,,,
athlete,noun,A2,sporcu,,,
athletic,adjective,B2,atletik,,,
atmosphere,noun,B1,atmosfer,hava,,
atrocity,noun,C1,vahşet,mezalim,,
attach,verb,B1,eklemek,iliştirmek,,
attachment,noun,B2,bağlılık,ek,"emotionele gehechtheid, of bijlage (e-mail)",
attack,noun,A2,saldırı,,zelfstandig naamwoord — zie ook attack (werkwoord) (a violent act against someone/something),
attack,verb,A2,saldırmak,,werkwoord — zie ook attack (zelfstandig naamwoord) (to act violently against),
attain,verb,C1,elde etmek,ulaşmak,,
attempt,noun,B2,girişim,,zelfstandig naamwoord — zie ook attempt (werkwoord) (a try),
attempt,verb,B2,girişmek,denemek,werkwoord — zie ook attempt (zelfstandig naamwoord) (to try),
attend,verb,A2,katılmak,,,
attendance,noun,C1,katılım,devam,,
attention,noun,A2,dikkat,,,
attitude,noun,B1,tutum,,,
attorney,noun,B2,avukat,,,
attract,verb,B1,çekmek,,,
attraction,noun,B1,çekicilik,cazibe merkezi,,
attractive,adjective,A2,çekici,,,
attribute,verb,C1,atfetmek,,(to say something is caused by),
attribute,noun,C1,özellik,,"(a quality, characteristic)",
auction,noun,C1,açık artırma,müzayede,,
audience,noun,A2,izleyici,seyirci,,
audio,adjective,B2,ses,işitsel,,
audit,noun,C1,denetim,,,
aunt,noun,A1,teyze,hala,,
authentic,adjective,C1,otantik,gerçek,,
author,noun,A2,yazar,,,
authority,noun,B1,yetki,otorite,,
authorize,verb,C1,yetki vermek,,,
auto,noun,C1,araba,otomobil,,
automatic,adjective,B1,otomatik,,,
automatically,adverb,B1,otomatik olarak,,,
autonomy,noun,C1,özerklik,,,
autumn,noun,C1,sonbahar,,,
availability,noun,C1,kullanılabilirlik,müsaitlik,,
available,adjective,A2,mevcut,müsait,,
average,adjective,A2,ortalama,,"bijvoeglijk/zelfstandig naamwoord — zie ook average (werkwoord) (typical, usual)",
average,verb,B1,ortalamasını almak,,werkwoord — zie ook average (bijvoeglijk/zelfstandig) (to calculate the average of),
avoid,verb,A2,kaçınmak,,,
await,verb,C1,beklemek,,,
award,noun,A2,ödül,,zelfstandig naamwoord — zie ook award (werkwoord) (a prize),
award,verb,B1,ödüllendirmek,,werkwoord — zie ook award (zelfstandig naamwoord) (to give as a prize),
aware,adjective,B1,farkında,,,
awareness,noun,B2,farkındalık,,,
away,adverb,A1,uzakta,uzağa,,
awesome,adjective,A1,harika,müthiş,,informeel
awful,adjective,A2,berbat,korkunç,,
awkward,adjective,B2,garip,sakıncalı,,
baby,noun,A1,bebek,,,
back,noun,A1,sırt,,zelfstandig naamwoord — zie ook back (bijwoord/bijvoeglijk/werkwoord) (the rear part of the body),
back,adverb,A1,geri,,bijwoord — zie ook back (zelfstandig/bijvoeglijk/werkwoord) (to a previous place/time),
back,adjective,A2,arka,,"bijvoeglijk naamwoord — zie ook back (zelfstandig/bijwoord/werkwoord) (rear, at the back)",
back,verb,B2,desteklemek,geri gitmek,werkwoord — zie ook back (zelfstandig/bijwoord/bijvoeglijk) (to support),
backdrop,noun,C1,arka plan,fon,,
background,noun,A2,arka plan,geçmiş,,
backing,noun,C1,destek,,,
backup,noun,C1,yedek,,,
backward,adverb,B1,geriye doğru,,,
bacteria,noun,B2,bakteri,,,
bad,adjective,A1,kötü,,,
badge,noun,B2,rozet,kimlik kartı,,
badly,adverb,A2,kötü bir şekilde,,,
bag,noun,A1,çanta,,,
bail,noun,C1,kefalet,,,
bake,verb,B1,fırınlamak,,,
balance,noun,B1,denge,,zelfstandig naamwoord — zie ook balance (werkwoord) (a state of stability),
balance,verb,B1,dengelemek,,werkwoord — zie ook balance (zelfstandig naamwoord) (to keep steady),
balanced,adjective,B2,dengeli,,,
ball,noun,A1,top,,,
ballet,noun,B2,bale,,,
balloon,noun,B2,balon,,,
ballot,noun,C1,oy pusulası,oylama,,
ban,verb,B1,yasaklamak,,werkwoord — zie ook ban (zelfstandig naamwoord) (to officially forbid),
ban,noun,B1,yasak,,zelfstandig naamwoord — zie ook ban (werkwoord) (an official prohibition),
banana,noun,A1,muz,,,
band,noun,A1,grup,,zelfstandig naamwoord (muziekgroep) — zie ook band (materiaal),
band,noun,A1,şerit,,"zelfstandig naamwoord (materiaal, bv. elastiekje) — zie ook band (muziekgroep)",
bank,noun,A1,banka,,zelfstandig naamwoord (para) — zie ook bank (kıyı),
bank,noun,B1,nehir kıyısı,,zelfstandig naamwoord (kıyı) — zie ook bank (banka),
bankruptcy,noun,C1,iflas,,,
banner,noun,C1,pankart,afiş,,
bar,verb,B2,yasaklamak,engellemek,"werkwoord — zie ook bar (zelfstandig naamwoord) (to prevent, forbid)",
bar,noun,A1,bar,,zelfstandig naamwoord (café/kroeg) — zie ook bar (staaf) (a place serving drinks),
bar,noun,B1,çubuk,,"zelfstandig naamwoord (staaf/reep, bv. chocoladereep) — zie ook bar (café) (a place serving drinks)",
bare,adjective,C1,çıplak,yalın,,
barely,adverb,B2,zar zor,güçlükle,,
bargain,noun,B2,pazarlık,kelepir,"onderhandeling, of koopje",
barrel,noun,C1,varil,,,
barrier,noun,B2,engel,bariyer,,
base,verb,B1,dayandırmak,,werkwoord — zie ook base (zelfstandig naamwoord) (to found something on),
base,noun,B1,temel,,"zelfstandig naamwoord (fundament/basis) — zie ook base (legerbasis) (the foundation, main location)",
base,noun,B2,üs,,"zelfstandig naamwoord (militaire basis) — zie ook base (fundament) (the foundation, main location)",
baseball,noun,A1,beyzbol,,,
based,adjective,A2,dayalı,merkezli,,
basement,noun,B2,bodrum,,,
basic,adjective,B1,temel,,,
basically,adverb,B2,temelde,aslında,,
basis,noun,B1,temel (esas),,,
basket,noun,B2,sepet,,,
basketball,noun,A1,basketbol,,,
bass,noun,C1,bas,,"zelfstandig naamwoord (lage stem/toon, muziek) — zie ook bass (vis)",
bass,noun,C1,levrek,,zelfstandig naamwoord (de vis) — zie ook bass (muzieknoot),
bat,noun,B2,yarasa,,dier — zie ook bat (werkwoord/sportmateriaal) (the flying animal),
bat,verb,C1,vurmak,,werkwoord (honkbal e.d.) — zie ook bat (dier) (to hit with a bat),
bath,noun,A1,banyo,,,
bathroom,noun,A1,banyo (oda),,,
battery,noun,B1,pil,akü,,
battle,noun,B1,savaş,muharebe,"zelfstandig naamwoord — zie ook battle (werkwoord) (a fight, especially in war)",
battle,verb,B2,mücadele etmek,,"werkwoord — zie ook battle (zelfstandig naamwoord) (to fight, struggle)",
battlefield,noun,C1,savaş alanı,,,
bay,noun,C1,körfez,,,
be,verb,A1,olmak,,,
beach,noun,A1,plaj,,,
beam,noun,C1,ışın,kiriş,"lichtstraal, of bouwbalk",
bean,noun,A2,fasulye,,,
bear,verb,B2,katlanmak,taşımak,"werkwoord — zie ook bear (dier) (to endure, tolerate)",
bear,noun,A2,ayı,,zelfstandig naamwoord — zie ook bear (werkwoord) (the animal),
beast,noun,C1,canavar,hayvan,,
beat,verb,A2,yenmek,dövmek,"werkwoord — zie ook beat (zelfstandig naamwoord) (to defeat, or to hit repeatedly)",
beat,noun,B2,ritim,,zelfstandig naamwoord — zie ook beat (werkwoord) (a rhythm),
beautiful,adjective,A1,güzel,,,
beauty,noun,B1,güzellik,,,
because,conjunction,A1,çünkü,,,
become,verb,A1,olmak (haline gelmek),,,
bed,noun,A1,yatak,,,
bedroom,noun,A1,yatak odası,,,
bee,noun,B1,arı,,,
beef,noun,A2,sığır eti,,,
beer,noun,A1,bira,,,
before,preposition,A1,önce,,,
beg,verb,B2,yalvarmak,dilenmek,,
begin,verb,A1,başlamak,,,
beginning,noun,A1,başlangıç,,,
behalf,noun,C1,adına,,,
behave,verb,A2,davranmak,,,
behavior,noun,A2,davranış,,,
behavioral,adjective,C1,davranışsal,,,
behind,preposition,A1,arkasında,,,
being,noun,B2,varlık,,,
belief,noun,B1,inanç,,,
believe,verb,A1,inanmak,,,
bell,noun,B1,zil,çan,,
belong,verb,A2,ait olmak,,,
beloved,adjective,C1,sevgili,sevilen,,
below,adverb,A1,aşağıda,altında,,
belt,noun,A2,kemer,,,
bench,noun,C1,bank,,,
benchmark,noun,C1,kıyaslama ölçütü,referans,,
bend,verb,B1,eğmek,bükmek,"werkwoord — zie ook bend (zelfstandig naamwoord) (to curve, make crooked)",
bend,noun,B1,viraj,kıvrım,"zelfstandig naamwoord — zie ook bend (werkwoord) (a curve, turn)",
beneath,preposition,C1,altında,,,
beneficial,adjective,B2,faydalı,yararlı,,
beneficiary,noun,C1,yararlanıcı,,,
benefit,noun,A2,fayda,,zelfstandig naamwoord — zie ook benefit (werkwoord) (an advantage),
benefit,verb,B1,fayda sağlamak,,werkwoord — zie ook benefit (zelfstandig naamwoord) (to gain an advantage),
bent,adjective,B2,eğik,bükülmüş,,
beside,preposition,B2,yanında,,,
besides,preposition,B2,dışında,,"(in addition to, apart from)",'besides' als voorzetsel — zie ook bijwoord
besides,adverb,B2,ayrıca,üstelik,"bijwoord — zie ook voorzetsel (furthermore, also)",
best,adjective,A1,en iyi,,,
bet,verb,B2,bahse girmek,,werkwoord — zie ook bet (zelfstandig naamwoord) (to wager money),
bet,noun,B2,bahis,,zelfstandig naamwoord — zie ook bet (werkwoord) (a wager),
betray,verb,C1,ihanet etmek,,,
better,adjective,A1,daha iyi,,,
between,preposition,A1,arasında,,,
beverage,noun,C1,içecek,,,
beyond,preposition,B2,ötesinde,,,
bias,noun,B2,önyargı,yanlılık,,
bicycle,noun,A1,bisiklet,,,
bid,noun,B2,teklif,,"zelfstandig naamwoord — zie ook bid (werkwoord) (an offer, especially of money)",
bid,verb,B2,teklif vermek,,werkwoord — zie ook bid (zelfstandig naamwoord) (to offer money for something),
big,adjective,A1,büyük,,,
bike,noun,A1,bisiklet,,,informeel
bill,noun,A1,fatura,,zelfstandig naamwoord — zie ook bill (werkwoord) (a request for payment),
bill,verb,B2,fatura kesmek,,werkwoord — zie ook bill (zelfstandig naamwoord) (to send someone a request for payment),
billion,number,A2,milyar,,,
bind,verb,C1,bağlamak,,,
biography,noun,C1,biyografi,,,
biological,adjective,B2,biyolojik,,,
biology,noun,A2,biyoloji,,,
bird,noun,A1,kuş,,,
birth,noun,A2,doğum,,,
birthday,noun,A1,doğum günü,,,
bishop,noun,C1,piskopos,,,
bit,noun,A2,biraz,parça,,
bite,verb,B1,ısırmak,,werkwoord — zie ook bite (zelfstandig naamwoord) (to cut with the teeth),
bite,noun,B1,ısırık,,zelfstandig naamwoord — zie ook bite (werkwoord) (a wound from biting),
bitter,adjective,B2,acı (tat),,,
bizarre,adjective,C1,tuhaf,garip,,
black,adjective,A1,siyah,,,
blade,noun,C1,bıçak ağzı,bıçak,,
blame,verb,B2,suçlamak,,werkwoord — zie ook blame (zelfstandig naamwoord) (to hold responsible for something bad),
blame,noun,B2,suç (sorumluluk),,zelfstandig naamwoord — zie ook blame (werkwoord) (responsibility for something bad),
blank,adjective,A2,boş,,,
blanket,noun,B2,battaniye,,,
blast,noun,C1,patlama,,zelfstandig naamwoord — zie ook blast (werkwoord) (an explosion),
blast,verb,C1,patlatmak,,"werkwoord — zie ook blast (zelfstandig naamwoord) (to explode, blow up)",
bleed,verb,C1,kanamak,,,
blend,verb,C1,karıştırmak,harmanlamak,werkwoord — zie ook blend (zelfstandig naamwoord) (to mix together),
blend,noun,C1,karışım,harman,zelfstandig naamwoord — zie ook blend (werkwoord) (a mixture),
bless,verb,C1,kutsamak,,,
blessing,noun,C1,nimet,kutsama,,
blind,adjective,B2,kör,,,
block,noun,A2,blok,,"zelfstandig naamwoord — zie ook block (werkwoord) (a solid piece, or a section of a city)",
block,verb,B1,engellemek,,werkwoord — zie ook block (zelfstandig naamwoord) (to stop something from passing),
blog,noun,A1,blog,,,
blond,adjective,A1,sarışın,,,
blood,noun,A2,kan,,,
blow,verb,A2,üflemek,,werkwoord (mens blaast) — zie ook blow (wind),
blow,verb,A2,esmek,,werkwoord (wind waait) — zie ook blow (mens blaast),
blue,adjective,A1,mavi,,,
board,verb,B1,binmek (araca),,werkwoord — zie ook board (zelfstandig naamwoord) (to get onto a vehicle),
board,noun,A2,tahta,,"zelfstandig naamwoord (plank) — zie ook board (bestuur) (a flat piece of wood, or a committee)",
board,noun,B2,kurul,,"zelfstandig naamwoord (bestuur/commissie) — zie ook board (plank) (a flat piece of wood, or a committee)",
boast,verb,C1,övünmek,,,
boat,noun,A1,tekne,,,
body,noun,A1,vücut,,,
boil,verb,A2,kaynatmak,kaynamak,,
bold,adjective,A2,cesur,,bijvoeglijk naamwoord (moedig) — zie ook bold (lettertype),
bold,adjective,B1,kalın,,"bijvoeglijk naamwoord (lettertype, vet gedrukt) — zie ook bold (moedig)",
bomb,noun,B1,bomba,,zelfstandig naamwoord — zie ook bomb (werkwoord) (an explosive device),
bomb,verb,B1,bombalamak,,werkwoord — zie ook bomb (zelfstandig naamwoord) (to attack with explosives),
bombing,noun,B2,bombalama,,,
bond,noun,B2,bağ,,zelfstandig naamwoord (emotionele band) — zie ook bond (obligatie),
bond,noun,C1,tahvil,,zelfstandig naamwoord (financiële obligatie) — zie ook bond (emotionele band),
bone,noun,A2,kemik,,,
bonus,noun,C1,ikramiye,bonus,,
book,noun,A1,kitap,,zelfstandig naamwoord — zie ook book (werkwoord) (reading material),
book,verb,A2,rezervasyon yapmak,,werkwoord — zie ook book (zelfstandig naamwoord) (to reserve),
booking,noun,C1,rezervasyon,,,
boom,noun,C1,patlama,yükseliş,"harde knal, of economische groei",
boost,verb,B2,artırmak,güçlendirmek,"werkwoord — zie ook boost (zelfstandig naamwoord) (to increase, raise)",
boost,noun,B2,artış,destek,"zelfstandig naamwoord — zie ook boost (werkwoord) (an increase, a lift)",
boot,noun,A1,çizme,,,
border,noun,B1,sınır,,zelfstandig naamwoord — zie ook border (werkwoord) (the line between two countries),
border,verb,B2,sınır olmak,,"werkwoord — zie ook border (zelfstandig naamwoord) (to lie next to, share a border with)",
bored,adjective,A1,sıkılmış,,,
boring,adjective,A1,sıkıcı,,,
born,verb,A1,doğmuş,,,
borrow,verb,A2,ödünç almak,,,
boss,noun,A2,patron,,,
both,determiner,A1,her ikisi,,,
bother,verb,B1,rahatsız etmek,,,
bottle,noun,A1,şişe,,,
bottom,noun,A2,alt,dip,,
bounce,verb,C1,sekmek,zıplamak,,
bound,adjective,B2,kesin,zorunlu,,
boundary,noun,C1,sınır,,,
bow,verb,C1,eğilmek,,werkwoord (buigen) — zie ook bow (zelfstandig naamwoord) (to bend forward as a greeting),
bow,noun,C1,yay,,"zelfstandig naamwoord (strik/boog) — zie ook bow (werkwoord) (a weapon for arrows, or a knot)",
bowl,noun,A2,kase,,,
box,noun,A1,kutu,,,
boy,noun,A1,erkek çocuk,,,
boyfriend,noun,A1,erkek arkadaş,,,
brain,noun,A2,beyin,,,
branch,noun,B1,dal,şube,,
brand,noun,B1,marka,,"zelfstandig naamwoord — zie ook brand (werkwoord) (a make, a company's product line)",
brand,verb,B1,markalamak,damgalamak,"werkwoord — zie ook brand (zelfstandig naamwoord) (to label, mark permanently)",
brave,adjective,B1,cesur,,,
breach,noun,C1,ihlal,,zelfstandig naamwoord — zie ook breach (werkwoord) (a violation of a rule/agreement),
breach,verb,C1,ihlal etmek,,werkwoord — zie ook breach (zelfstandig naamwoord) (to violate a rule/agreement),
bread,noun,A1,ekmek,,,
break,verb,A1,kırmak,,"werkwoord — zie ook break (zelfstandig naamwoord) (to shatter, or to violate a rule)",
break,noun,A1,mola,kırılma,"zelfstandig naamwoord — zie ook break (werkwoord) (a pause, rest)",
breakdown,noun,C1,bozulma,çöküntü,,
breakfast,noun,A1,kahvaltı,,,
breakthrough,noun,C1,atılım,buluş,,
breast,noun,B2,göğüs,,,
breath,noun,B1,nefes,,,
breathe,verb,B1,nefes almak,,,
breathing,noun,B1,nefes alma,,,
breed,verb,C1,üretmek,yetiştirmek,werkwoord — zie ook breed (zelfstandig naamwoord) (to produce offspring),
breed,noun,C1,cins,tür,zelfstandig naamwoord — zie ook breed (werkwoord) (a type of animal),
brick,noun,B2,tuğla,,,
bride,noun,B1,gelin,,,
bridge,noun,A2,köprü,,,
brief,adjective,B2,kısa (özet),,,
briefly,adverb,B2,kısaca,,,
bright,adjective,A2,parlak,zeki,,
brilliant,adjective,A2,parlak (zeki/harika),,,
bring,verb,A1,getirmek,,,
broad,adjective,B2,geniş,,,
broadband,noun,C1,geniş bant,,,
broadcast,verb,B2,yayınlamak,,werkwoord — zie ook broadcast (zelfstandig naamwoord) (to transmit on radio/TV),
broadcast,noun,B2,yayın,,zelfstandig naamwoord — zie ook broadcast (werkwoord) (a radio/TV transmission),
broadcaster,noun,B2,yayıncı,,,
broadly,adverb,B2,genel olarak,geniş çapta,,
broken,adjective,A2,kırık,bozuk,,
brother,noun,A1,erkek kardeş,,,
brown,adjective,A1,kahverengi,,,
browser,noun,C1,tarayıcı,,,
brush,verb,A2,fırçalamak,,werkwoord — zie ook brush (zelfstandig naamwoord) (to clean/sweep with a brush),
brush,noun,A2,fırça,,zelfstandig naamwoord — zie ook brush (werkwoord) (a tool with bristles),
brutal,adjective,C1,acımasız,vahşi,,
bubble,noun,B1,kabarcık,,,
buck,noun,B2,dolar,,zelfstandig naamwoord (informeel: dollar) — zie ook buck (mannetjeshert),
buck,noun,C1,erkek geyik,,zelfstandig naamwoord (mannetjeshert) — zie ook buck (dollar),
buddy,noun,C1,arkadaş,dost,,informeel
budget,noun,B2,bütçe,,,
buffer,noun,C1,tampon,,,
bug,noun,A2,böcek,,zelfstandig naamwoord (insect) — zie ook bug (software),
bug,noun,B1,hata,,zelfstandig naamwoord (softwarefout) — zie ook bug (insect),
build,verb,A1,inşa etmek,,,
building,noun,A1,bina,,,
bulk,noun,C1,toplu,kütle,,
bullet,noun,B2,mermi,,,
bunch,noun,B2,demet,bir grup,,
burden,noun,C1,yük,,,
bureaucracy,noun,C1,bürokrasi,,,
burial,noun,C1,gömme,cenaze,,
burn,verb,A2,yanmak,yakmak,"werkwoord — zie ook burn (zelfstandig naamwoord) (to be on fire, or to injure with fire/heat)",
burn,noun,B2,yanık,,zelfstandig naamwoord — zie ook burn (werkwoord) (an injury from fire/heat),
burst,verb,C1,patlamak,,,
bury,verb,B1,gömmek,,,
bus,noun,A1,otobüs,,,
bush,noun,B2,çalı,,,
business,noun,A1,iş (ticaret),,,
businessman,noun,A2,iş adamı,,,
busy,adjective,A1,meşgul,,,
but,conjunction,A1,ama,fakat,,
butter,noun,A1,tereyağı,,,
button,noun,A2,düğme,,,
buy,verb,A1,satın almak,,,
by,preposition,A1,tarafından,yanında,,
bye,exclamation,A1,hoşça kal,,,
cabin,noun,B2,kabin,,zelfstandig naamwoord (hut op schip/vliegtuig) — zie ook cabin (blokhut),
cabin,noun,C1,kulübe,,zelfstandig naamwoord (blokhut in het bos) — zie ook cabin (scheepshut),
cabinet,noun,B1,dolap,,zelfstandig naamwoord (meubel) — zie ook cabinet (regering),
cabinet,noun,C1,kabine,,zelfstandig naamwoord (regering) — zie ook cabinet (meubel),
cable,noun,B1,kablo,,,
cafe,noun,A1,kafe,,,
cake,noun,A1,kek,pasta,,
calculate,verb,B2,hesaplamak,,,
calculation,noun,C1,hesaplama,,,
call,verb,A1,aramak,çağırmak,"werkwoord — zie ook call (zelfstandig naamwoord) (to phone, or to name)",
call,noun,A1,arama (telefon),çağrı,zelfstandig naamwoord — zie ook call (werkwoord) (a phone conversation),
calm,adjective,B1,sakin,,,
camera,noun,A1,kamera,,,
camp,noun,A2,kamp,,zelfstandig naamwoord — zie ook camp (werkwoord) (a temporary outdoor site),
camp,verb,A2,kamp yapmak,,werkwoord — zie ook camp (zelfstandig naamwoord) (to stay in a temporary outdoor site),
campaign,noun,B1,kampanya,,zelfstandig naamwoord — zie ook campaign (werkwoord) (an organized effort toward a goal),
campaign,verb,B1,kampanya yürütmek,,werkwoord — zie ook campaign (zelfstandig naamwoord) (to run an organized effort toward a goal),
camping,noun,A2,kamp yapma,,,
campus,noun,A2,kampüs,,,
can,modal verb,A1,-ebilmek,,(ability/permission),
can,noun,A2,konserve kutusu,teneke kutu,(a tin/container),
canal,noun,B2,kanal,,,
cancel,verb,B2,iptal etmek,,,
cancer,noun,B2,kanser,,,gevoelig onderwerp
candidate,noun,B1,aday,,,
candle,noun,B2,mum,,,
candy,noun,A2,şeker,,,
cannot,verb,A1,-ememek,,,
canvas,noun,C1,tuval,branda,,
cap,noun,B1,kasket,kapak,,
capability,noun,C1,yetenek,kapasite,,
capable,adjective,B2,yetenekli,muktedir,,
capacity,noun,B2,kapasite,,,
capital,noun,A1,başkent,,zelfstandig naamwoord (hoofdstad) — zie ook capital (kapitaal),
capital,noun,B2,sermaye,,zelfstandig naamwoord (financieel kapitaal) — zie ook capital (hoofdstad),
capitalism,noun,C1,kapitalizm,,,
capitalist,adjective,C1,kapitalist,,,
captain,noun,B1,kaptan,,,
capture,verb,B2,yakalamak,ele geçirmek,"werkwoord — zie ook capture (zelfstandig naamwoord) (to seize, catch)",
capture,noun,B2,ele geçirme,,zelfstandig naamwoord — zie ook capture (werkwoord) (the act of seizing),
car,noun,A1,araba,,,
carbon,noun,B2,karbon,,,
card,noun,A1,kart,,,
care,noun,A2,bakım,özen,"zelfstandig naamwoord — zie ook care (werkwoord) (attention, concern)",
care,verb,A2,önemsemek,,werkwoord — zie ook care (zelfstandig naamwoord) (to feel concern),
career,noun,A1,kariyer,,,
careful,adjective,A2,dikkatli,,,
carefully,adverb,A2,dikkatlice,,,
careless,adjective,B1,dikkatsiz,,,
cargo,noun,C1,kargo,yük,,
carpet,noun,A2,halı,,,
carriage,noun,C1,vagon,,zelfstandig naamwoord (treinwagon) — zie ook carriage (koets),
carriage,noun,C1,fayton,,zelfstandig naamwoord (paardenkoets) — zie ook carriage (treinwagon),
carrot,noun,A1,havuç,,,
carry,verb,A1,taşımak,,,
cartoon,noun,A2,çizgi film,,,
carve,verb,C1,oymak,,,
case,noun,A2,durum,,zelfstandig naamwoord (situatie) — zie ook case (rechtszaak),
case,noun,B1,dava,,zelfstandig naamwoord (rechtszaak) — zie ook case (situatie),
cash,noun,A2,nakit,,,
casino,noun,C1,kumarhane,,,
cast,noun,B2,oyuncu kadrosu,,zelfstandig naamwoord — zie ook cast (werkwoord) (the actors in a show),
cast,verb,B2,rol vermek,,werkwoord (een rol toewijzen aan een acteur) — zie ook cast (werpen) (to choose actors for a role),
cast,verb,C1,atmak,,"werkwoord (werpen, bv. een stem/net uitwerpen) — zie ook cast (een rol geven) (to choose actors for a role)",
castle,noun,B2,kale,şato,,
casual,adjective,B2,gündelik,rahat,,
casualty,noun,C1,kayıp,yaralı,,
cat,noun,A1,kedi,,,
catalog,noun,C1,katalog,,,
catch,noun,B1,yakalama,,zelfstandig naamwoord (het vangen) — zie ook catch (addertje),
catch,noun,B2,tuzak,,zelfstandig naamwoord (verborgen addertje/valstrik) — zie ook catch (het vangen),
category,noun,B1,kategori,,,
cater,verb,C1,yemek sağlamak,hizmet vermek,,
cattle,noun,C1,sığır,,,
cause,noun,A2,sebep,neden,zelfstandig naamwoord — zie ook cause (werkwoord) (a reason something happens),
cause,verb,A2,sebep olmak,,werkwoord — zie ook cause (zelfstandig naamwoord) (to make something happen),
caution,noun,C1,dikkat,ihtiyat,,
cautious,adjective,C1,dikkatli,tedbirli,,
cave,noun,B2,mağara,,,
cease,verb,C1,durmak,son vermek,,
ceiling,noun,B1,tavan,,,
celebrate,verb,A2,kutlamak,,,
celebration,noun,B1,kutlama,,,
celebrity,noun,A2,ünlü,,,
cell,noun,A2,hücre,,,
cemetery,noun,C1,mezarlık,,,
cent,noun,A1,sent,,,
center,noun,A1,merkez,,zelfstandig naamwoord — zie ook center (werkwoord) (the middle point),
center,verb,B1,ortalamak,,werkwoord — zie ook center (zelfstandig naamwoord) (to place in the middle),
central,adjective,B1,merkezi,,,
century,noun,A2,yüzyıl,,,
ceremony,noun,B1,tören,,,
certain,adjective,A2,kesin,belirli,,
certainly,adverb,A2,kesinlikle,,,
certainty,noun,B2,kesinlik,,,
certificate,noun,B2,sertifika,belge,,
chain,noun,B1,zincir,,zelfstandig naamwoord — zie ook chain (werkwoord) (a series of connected metal rings),
chain,verb,B2,zincirlemek,,werkwoord — zie ook chain (zelfstandig naamwoord) (to fasten with a chain),
chair,noun,A1,sandalye,,zelfstandig naamwoord — zie ook chair (werkwoord) (a seat),
chair,verb,B2,başkanlık etmek,,werkwoord — zie ook chair (zelfstandig naamwoord) (to lead a meeting),
chairman,noun,B2,başkan,,,
challenge,noun,B1,zorluk,meydan okuma,zelfstandig naamwoord — zie ook challenge (werkwoord) (a difficult task),
challenge,verb,B2,meydan okumak,,"werkwoord — zie ook challenge (zelfstandig naamwoord) (to invite someone to compete, or dispute)",
challenging,adjective,B2,zorlu,meydan okuyan,,
chamber,noun,B1,oda,,zelfstandig naamwoord (kamer/ruimte) — zie ook chamber (orgaan),
chamber,noun,C1,meclis,,zelfstandig naamwoord (wetgevend orgaan) — zie ook chamber (kamer/ruimte),
champion,noun,B1,şampiyon,,,
championship,noun,B2,şampiyona,,,
chance,noun,A2,şans,fırsat,,
change,verb,A1,değiştirmek,,werkwoord — zie ook change (zelfstandig naamwoord) (to make different),
change,noun,A1,değişiklik,,zelfstandig naamwoord — zie ook change (werkwoord) (a difference from before),
channel,noun,B1,kanal,,,
chaos,noun,C1,kaos,kargaşa,,
chapter,noun,B1,bölüm (kitap),,,
character,noun,A2,karakter,,,
characteristic,noun,B2,özellik,,,
characterize,verb,C1,nitelendirmek,,,
charge,noun,B1,ücret,suçlama,"zelfstandig naamwoord — zie ook charge (werkwoord) (a fee, or a formal accusation)",
charge,verb,B1,ücret almak,şarj etmek,"werkwoord — zie ook charge (zelfstandig naamwoord) (to ask a fee, or formally accuse)",
charity,noun,A2,hayır kurumu,,,
charm,noun,C1,çekicilik,cazibe,,
charming,adjective,B2,büyüleyici,cazibeli,,
chart,noun,A1,grafik,,"zelfstandig naamwoord — zie ook chart (werkwoord) (a graph, diagram)",
chart,verb,B2,grafiğini çıkarmak,,werkwoord — zie ook chart (zelfstandig naamwoord) (to make a graph of),
charter,noun,C1,tüzük,,zelfstandig naamwoord (oprichtingsdocument) — zie ook charter (huren) (a formal document of rights/rules),
charter,verb,C1,kiralamak,,werkwoord (een vliegtuig/schip huren) — zie ook charter (document) (to hire a vehicle for private use),
chase,verb,B2,kovalamak,,"werkwoord — zie ook chase (zelfstandig naamwoord) (to pursue, run after)",
chase,noun,B2,kovalamaca,takip,zelfstandig naamwoord — zie ook chase (werkwoord) (the act of pursuing),
chat,verb,A2,sohbet etmek,,werkwoord — zie ook chat (zelfstandig naamwoord) (to talk informally),
chat,noun,A2,sohbet,,zelfstandig naamwoord — zie ook chat (werkwoord) (an informal conversation),
cheap,adjective,A1,ucuz,,,
cheat,verb,B1,hile yapmak,aldatmak,werkwoord — zie ook cheat (zelfstandig naamwoord) (to act dishonestly to gain an advantage),
cheat,noun,B1,hilekar,,zelfstandig naamwoord — zie ook cheat (werkwoord) (a person who cheats),
check,noun,A2,kontrol,,zelfstandig naamwoord (controle) — zie ook check (cheque),
check,noun,B2,çek,,zelfstandig naamwoord (bankcheque) — zie ook check (controle),
cheek,noun,B2,yanak,,,
cheer,verb,B2,tezahürat yapmak,,werkwoord — zie ook cheer (zelfstandig naamwoord) (to shout encouragement),
cheer,noun,B2,tezahürat,neşe,zelfstandig naamwoord — zie ook cheer (werkwoord) (a shout of encouragement),
cheerful,adjective,B1,neşeli,,,
cheese,noun,A1,peynir,,,
chef,noun,A2,şef (aşçı),,,
chemical,adjective,B1,kimyasal,,,
chemistry,noun,A2,kimya,,,
chest,noun,B1,göğüs,,"zelfstandig naamwoord (lichaamsdeel, borst) — zie ook chest (kist)",
chest,noun,B2,sandık,,zelfstandig naamwoord (opbergkist) — zie ook chest (borst),
chicken,noun,A1,tavuk,,,
chief,adjective,B2,baş,,bijvoeglijk naamwoord — zie ook chief (zelfstandig) (most important),
chief,noun,B2,şef,lider,zelfstandig naamwoord — zie ook chief (bijvoeglijk) (the leader),
child,noun,A1,çocuk,,,
childhood,noun,B1,çocukluk,,,
chip,noun,A2,cips,,zelfstandig naamwoord (chips om te eten) — zie ook chip (computerchip),
chip,noun,B2,yonga,,zelfstandig naamwoord (computerchip) — zie ook chip (aardappelchips),
chocolate,noun,A1,çikolata,,,
choice,noun,A2,seçim,,,
choir,noun,C1,koro,,,
choose,verb,A1,seçmek,,,
chop,verb,B2,doğramak,kesmek,,
chronic,adjective,C1,kronik,müzmin,,
chunk,noun,C1,parça,büyük dilim,,
church,noun,A2,kilise,,,
cigarette,noun,A2,sigara,,,
circle,noun,A2,daire,çember,zelfstandig naamwoord — zie ook circle (werkwoord) (the round shape),
circle,verb,A2,daire çizmek,çevrelemek,werkwoord — zie ook circle (zelfstandig naamwoord) (to move around in a circle),
circuit,noun,B1,devre,,zelfstandig naamwoord (elektrisch) — zie ook circuit (racebaan),
circuit,noun,C1,pist,,zelfstandig naamwoord (racebaan) — zie ook circuit (elektrisch),
circulate,verb,C1,dolaşmak,dolaştırmak,,
circulation,noun,B2,dolaşım,,zelfstandig naamwoord (bloedsomloop/algemeen) — zie ook circulation (oplage),
circulation,noun,C1,tiraj,,zelfstandig naamwoord (oplage van een krant) — zie ook circulation (bloedsomloop),
circumstance,noun,B2,durum,koşul,,
cite,verb,B2,alıntı yapmak,örnek göstermek,,
citizen,noun,B2,vatandaş,,,
citizenship,noun,C1,vatandaşlık,,,
city,noun,A1,şehir,,,
civic,adjective,C1,sivil,kentsel,,
civil,adjective,B2,sivil,,,
civilian,noun,C1,sivil,,zelfstandig naamwoord — zie ook civilian (bijvoeglijk) (a non-military person),
civilian,adjective,C1,sivil,,bijvoeglijk naamwoord — zie ook civilian (zelfstandig naamwoord) (non-military),
civilization,noun,B2,medeniyet,uygarlık,,
claim,verb,B1,iddia etmek,,werkwoord — zie ook claim (zelfstandig naamwoord) (to state something is true),
claim,noun,B1,iddia,,zelfstandig naamwoord (bewering) — zie ook claim (formele aanvraag) (a statement said to be true),
claim,noun,B2,talep,,"zelfstandig naamwoord (formele aanvraag, bv. verzekeringsclaim) — zie ook claim (bewering) (a statement said to be true)",
clarify,verb,B2,açıklığa kavuşturmak,netleştirmek,,
clarity,noun,C1,netlik,açıklık,,
clash,noun,C1,çatışma,,,
class,noun,A1,sınıf,ders,,
classic,adjective,B2,klasik,,"bijvoeglijk naamwoord — zie ook classic (zelfstandig) (traditional, well-known for quality)",
classic,noun,B2,klasik eser,,zelfstandig naamwoord — zie ook classic (bijvoeglijk) (a work known for lasting quality),
classical,adjective,A2,klasik (müzik/sanat),,,
classification,noun,C1,sınıflandırma,,,
classify,verb,B2,sınıflandırmak,,,
classroom,noun,A1,sınıf (oda),,,
clause,noun,B2,madde,,zelfstandig naamwoord (juridisch beding) — zie ook clause (grammatica),
clause,noun,C1,cümlecik,,zelfstandig naamwoord (grammaticale bijzin) — zie ook clause (juridisch beding),
clean,adjective,A1,temiz,,bijvoeglijk naamwoord — zie ook clean (werkwoord) (free of dirt),
clean,verb,A1,temizlemek,,werkwoord — zie ook clean (bijvoeglijk) (to remove dirt from),
clear,adjective,A2,net,açık,bijvoeglijk naamwoord — zie ook clear (werkwoord) (easy to understand or see through),
clear,verb,B1,temizlemek (alanı),,werkwoord — zie ook clear (bijvoeglijk) (to remove obstacles from),
clearly,adverb,A2,açıkça,,,
clerk,noun,A2,katip,memur,,
clever,adjective,B1,zeki,akıllı,,
click,verb,B1,tıklamak,,werkwoord — zie ook click (zelfstandig naamwoord) (to press a mouse button),
click,noun,B1,tıklama,,"zelfstandig naamwoord — zie ook click (werkwoord) (a short sharp sound, or a mouse press)",
client,noun,B1,müşteri,,,
cliff,noun,B2,uçurum,,,
climate,noun,A2,iklim,,,
climb,verb,A1,tırmanmak,,"werkwoord — zie ook climb (zelfstandig naamwoord) (to go upward, ascend)",
climb,noun,B1,tırmanış,,zelfstandig naamwoord — zie ook climb (werkwoord) (the act of going upward),
cling,verb,C1,yapışmak,sarılmak,,
clinic,noun,B2,klinik,,,
clinical,adjective,C1,klinik,,,
clip,noun,B2,klip,ataç,"videofragment, of paperclip",
clock,noun,A1,saat (duvar),,,
close,verb,A1,kapatmak,,"werkwoord — zie ook close (zelfstandig naamwoord, elders) (to shut)",
close,adjective,A2,yakın,,"bijvoeglijk naamwoord — zie ook close (werkwoord) (nearby, not far)",
closed,adjective,A2,kapalı,,,
closely,adverb,B2,yakından,,,
closet,noun,A2,dolap (gömme),,,
closure,noun,C1,kapanma,kapatma,,
cloth,noun,B1,kumaş,,,
clothes,noun,A1,kıyafetler,,,
clothing,noun,A2,giyim,,,
cloud,noun,A2,bulut,,,
club,noun,A1,kulüp,,,
clue,noun,B1,ipucu,,,
cluster,noun,C1,küme,grup,,
coach,noun,A2,antrenör,,zelfstandig naamwoord — zie ook coach (werkwoord) (a sports trainer),
coach,verb,B1,antrenörlük yapmak,,"werkwoord — zie ook coach (zelfstandig naamwoord) (to train, instruct)",
coal,noun,B1,kömür,,,
coalition,noun,C1,koalisyon,,,
coast,noun,A2,kıyı,sahil,,
coastal,adjective,C1,kıyısal,kıyı,,
coat,noun,A1,palto,,,
cocktail,noun,C1,kokteyl,,,
code,noun,A2,kod,,,
coffee,noun,A1,kahve,,,
cognitive,adjective,C1,bilişsel,,,
coin,noun,B1,bozuk para,madeni para,,
coincide,verb,C1,çakışmak,örtüşmek,,
coincidence,noun,B2,tesadüf,,,
cold,adjective,A1,soğuk,,,
collaborate,verb,C1,iş birliği yapmak,,,
collaboration,noun,C1,iş birliği,,,
collapse,verb,B2,çökmek,,"werkwoord — zie ook collapse (zelfstandig naamwoord) (to fall down suddenly, or fail)",
collapse,noun,B2,çöküş,,zelfstandig naamwoord — zie ook collapse (werkwoord) (a sudden fall/failure),
colleague,noun,A2,meslektaş,,,
collect,verb,A2,toplamak,,,
collection,noun,B1,koleksiyon,toplama,,
collective,adjective,C1,kolektif,toplu,,
collector,noun,B2,koleksiyoncu,tahsildar,,
college,noun,A1,üniversite (kolej),,,
collision,noun,C1,çarpışma,,,
colonial,adjective,C1,sömürgeci,kolonyal,,
colony,noun,B2,koloni,,,
color,noun,A1,renk,,,
colored,adjective,B1,renkli,,,
colorful,adjective,B2,renkli,,,
column,noun,A2,sütun,,zelfstandig naamwoord (bouwkundige/tabelkolom) — zie ook column (krantenrubriek),
column,noun,B2,köşe yazısı,,zelfstandig naamwoord (vaste krantenrubriek) — zie ook column (kolom),
columnist,noun,C1,köşe yazarı,,,
combat,noun,C1,muharebe,çarpışma,"zelfstandig naamwoord — zie ook combat (werkwoord) (fighting, especially in war)",
combat,verb,C1,mücadele etmek,,werkwoord — zie ook combat (zelfstandig naamwoord) (to fight against),
combination,noun,B2,kombinasyon,birleşim,,
combine,verb,B1,birleştirmek,,,
come,verb,A1,gelmek,,,
comedy,noun,A2,komedi,,,
comfort,noun,B2,rahatlık,teselli,"zelfstandig naamwoord — zie ook comfort (werkwoord) (a state of ease, relief)",
comfort,verb,B2,teselli etmek,,"werkwoord — zie ook comfort (zelfstandig naamwoord) (to console, soothe)",
comfortable,adjective,A2,rahat,,,
comic,adjective,B2,komik,,bijvoeglijk naamwoord — zie ook comic (zelfstandig naamwoord) (funny),
comic,noun,B2,çizgi roman,,zelfstandig naamwoord — zie ook comic (bijvoeglijk) (a magazine with drawings/stories),
command,noun,B2,komut,emir,"zelfstandig naamwoord — zie ook command (werkwoord) (an order, or control)",
command,verb,B2,emretmek,komuta etmek,"werkwoord — zie ook command (zelfstandig naamwoord) (to order, or to have control of)",
commander,noun,B2,komutan,,,
commence,verb,C1,başlamak,,,
comment,noun,A2,yorum,,zelfstandig naamwoord — zie ook comment (werkwoord) (a remark),
comment,verb,B1,yorum yapmak,,werkwoord — zie ook comment (zelfstandig naamwoord) (to make a remark),
commentary,noun,C1,yorum,canlı anlatım,,
commentator,noun,C1,yorumcu,spiker,,
commerce,noun,C1,ticaret,,,
commercial,adjective,B1,ticari,,,
commission,noun,B2,komisyon,,"zelfstandig naamwoord — zie ook commission (werkwoord) (a group with an official task, or a fee for a sale)",
commission,verb,B2,sipariş vermek (görevlendirmek),,werkwoord — zie ook commission (zelfstandig naamwoord) (to formally ask for something to be made),
commissioner,noun,C1,komiser,yetkili,,
commit,verb,B1,işlemek,,werkwoord (een misdaad plegen) — zie ook commit (toewijden),
commit,verb,B2,adamak,,werkwoord (zich toewijden aan) — zie ook commit (misdaad plegen),
commitment,noun,B2,bağlılık,taahhüt,,
committee,noun,B2,komite,,,
commodity,noun,C1,emtia,meta,,
common,adjective,A1,yaygın,ortak,,
commonly,adverb,B2,yaygın olarak,,,
communicate,verb,A2,iletişim kurmak,,,
communication,noun,B1,iletişim,,,
communist,adjective,C1,komünist,,,
community,noun,A2,topluluk,,,
companion,noun,C1,yoldaş,arkadaş,,
company,noun,A1,şirket,,,
comparable,adjective,C1,karşılaştırılabilir,kıyaslanabilir,,
comparative,adjective,B2,karşılaştırmalı,,,
compare,verb,A1,karşılaştırmak,,,
comparison,noun,B1,karşılaştırma,,,
compassion,noun,C1,şefkat,merhamet,,
compel,verb,C1,zorlamak,,,
compelling,adjective,C1,zorlayıcı,ikna edici,,
compensate,verb,C1,tazmin etmek,telafi etmek,,
compensation,noun,C1,tazminat,,,
compete,verb,A2,rekabet etmek,yarışmak,,
competence,noun,C1,yetkinlik,,,
competent,adjective,C1,yetkin,ehliyetli,,
competition,noun,A2,yarışma,rekabet,,
competitive,adjective,B1,rekabetçi,,,
competitor,noun,B1,rakip,,,
compile,verb,C1,derlemek,,,
complain,verb,A2,şikayet etmek,,,
complaint,noun,B1,şikayet,,,
complement,verb,C1,tamamlamak,,,
complete,adjective,A1,tam,eksiksiz,"bijvoeglijk naamwoord — zie ook complete (werkwoord) (whole, finished)",
complete,verb,A1,tamamlamak,,werkwoord — zie ook complete (bijvoeglijk) (to finish),
completely,adverb,A2,tamamen,,,
completion,noun,B2,tamamlanma,bitirme,,
complex,adjective,B1,karmaşık,,bijvoeglijk naamwoord — zie ook complex (zelfstandig) (complicated),
complex,noun,B2,kompleks (yapı bütünü),,zelfstandig naamwoord — zie ook complex (bijvoeglijk) (a group of buildings),
complexity,noun,C1,karmaşıklık,,,
compliance,noun,C1,uyum,uyma,,
complicated,adjective,B2,karmaşık,,,
complication,noun,C1,komplikasyon,zorluk,,
comply,verb,C1,uymak,,,
component,noun,B2,bileşen,,,
compose,verb,B2,oluşturmak,bestelemek,"samenstellen, of componeren (muziek)",
composer,noun,B2,besteci,,,
composition,noun,C1,kompozisyon,bileşim,,
compound,noun,B2,bileşik,,zelfstandig naamwoord (scheikundig) — zie ook compound (terrein),
compound,noun,C1,kompleks,,zelfstandig naamwoord (afgesloten terrein/complex) — zie ook compound (scheikundig),
comprehensive,adjective,B2,kapsamlı,,,
comprise,verb,B2,oluşmak,kapsamak,,
compromise,noun,C1,uzlaşma,,zelfstandig naamwoord — zie ook compromise (werkwoord) (an agreement where each side gives up something),
compromise,verb,C1,uzlaşmak,taviz vermek,werkwoord — zie ook compromise (zelfstandig naamwoord) (to reach such an agreement),
compulsory,adjective,B2,zorunlu,,,
compute,verb,C1,hesaplamak,,,
conceal,verb,C1,gizlemek,saklamak,,
concede,verb,C1,kabul etmek,teslim olmak,,
conceive,verb,C1,tasavvur etmek,hamile kalmak,"bedenken, of zwanger raken",
conception,noun,C1,kavram,tasarım,,
concession,noun,C1,taviz,imtiyaz,,
concrete,adjective,B2,somut,beton,"tastbaar, of het materiaal beton (specific, definite)",
concrete,noun,B2,beton,,zelfstandig naamwoord — zie ook concrete (bijvoeglijk) (the building material),
condemn,verb,C1,kınamak,mahkûm etmek,,
confer,verb,C1,görüşmek,,werkwoord (overleggen) — zie ook confer (verlenen),
confer,verb,C1,vermek,,werkwoord (een titel/graad verlenen) — zie ook confer (overleggen),
confess,verb,B2,itiraf etmek,,,
confession,noun,C1,itiraf,,,
configuration,noun,C1,yapılandırma,,,
confine,verb,C1,sınırlamak,hapsetmek,,
confirmation,noun,C1,onay,doğrulama,,
confront,verb,C1,yüzleşmek,karşı koymak,,
confrontation,noun,C1,yüzleşme,çatışma,,
confusion,noun,B2,kafa karışıklığı,,,
congratulate,verb,C1,tebrik etmek,,,
congregation,noun,C1,cemaat,,,
congressional,adjective,C1,kongreyle ilgili,,,
conquer,verb,C1,fethetmek,,,
conscience,noun,C1,vicdan,,,
consciousness,noun,C1,bilinç,,,
consecutive,adjective,C1,art arda,ardışık,,
consensus,noun,C1,fikir birliği,,,
consent,noun,C1,rıza,onay,zelfstandig naamwoord — zie ook consent (werkwoord) (permission),
consent,verb,C1,razı olmak,,werkwoord — zie ook consent (zelfstandig naamwoord) (to give permission),
consequently,adverb,B2,sonuç olarak,dolayısıyla,,
conservation,noun,B2,koruma,doğa koruma,,
conserve,verb,C1,korumak,,,
considerable,adjective,B2,önemli,hatırı sayılır,,
considerably,adverb,B2,önemli ölçüde,,,
consistency,noun,B2,tutarlılık,,zelfstandig naamwoord (logische samenhang) — zie ook consistency (voedsel),
consistency,noun,C1,kıvam,,zelfstandig naamwoord (dikte/textuur van voedsel) — zie ook consistency (samenhang),
consistently,adverb,B2,tutarlı bir şekilde,sürekli,,
consolidate,verb,C1,pekiştirmek,birleştirmek,,
conspiracy,noun,B2,komplo,,,
constitute,verb,C1,oluşturmak,,,
constitution,noun,B2,anayasa,,zelfstandig naamwoord (grondwet) — zie ook constitution (lichaamsbouw),
constitution,noun,C1,yapı,,zelfstandig naamwoord (lichamelijke gesteldheid) — zie ook constitution (grondwet),
constitutional,adjective,C1,anayasal,,,
constraint,noun,C1,kısıtlama,kısıt,,
consult,verb,B2,danışmak,,,
consultant,noun,B2,danışman,,,
consultation,noun,C1,danışma,istişare,,
consumption,noun,B2,tüketim,,,
contemplate,verb,C1,düşünmek,tefekkür etmek,,
contempt,noun,C1,hor görme,aşağılama,,
contend,verb,C1,iddia etmek,mücadele etmek,,
contender,noun,C1,aday,rakip,,
content,adjective,C1,memnun,,"bijvoeglijk (tevreden) — zie ook content (zelfstandig naamwoord, elders in lijst)",
contention,noun,C1,iddia,anlaşmazlık,,
continually,adverb,C1,sürekli,,,
contractor,noun,C1,müteahhit,yüklenici,,
contradiction,noun,C1,çelişki,,,
contrary,adjective,C1,aksi,zıt,,
contributor,noun,B2,katkıda bulunan,,"zelfstandig naamwoord (algemeen, wie bijdraagt) — zie ook contributor (tijdschrift)",
contributor,noun,C1,yazar,,zelfstandig naamwoord (vaste medewerker van tijdschrift/krant) — zie ook contributor (algemeen),
controversial,adjective,B2,tartışmalı,,,
controversy,noun,B2,tartışma,,,
convenience,noun,B2,kolaylık,,,
convention,noun,B2,gelenek,kongre,"gebruik/norm, of congres",
conventional,adjective,B2,geleneksel,alışılmış,,
conversion,noun,C1,dönüşüm,,,
convey,verb,B2,iletmek,aktarmak,,
convict,verb,C1,mahkûm etmek,,,
conviction,noun,C1,mahkûmiyet,kanaat,"veroordeling, of vaste overtuiging",
convincing,adjective,B2,ikna edici,,,
cooperate,verb,C1,iş birliği yapmak,,,
cooperative,adjective,C1,iş birlikçi,yardımsever,,
coordinate,verb,C1,koordine etmek,,,
coordination,noun,C1,koordinasyon,,,
coordinator,noun,C1,koordinatör,,,
cop,noun,B2,polis,,,informeel
cope,verb,B2,başa çıkmak,,,
copper,noun,C1,bakır,,,
copyright,noun,C1,telif hakkı,,,
corporation,noun,B2,şirket,kurum,,
correction,noun,C1,düzeltme,,,
correlate,verb,C1,ilişkilendirmek,,,
correlation,noun,C1,korelasyon,ilinti,,
correspond,verb,C1,örtüşmek,yazışmak,"overeenkomen, of briefwisselen voeren",
correspondence,noun,C1,yazışma,uygunluk,,
correspondent,noun,C1,muhabir,,,
corresponding,adjective,C1,ilgili,karşılık gelen,,
corridor,noun,B2,koridor,,,
corrupt,adjective,C1,yozlaşmış,bozuk,,
corruption,noun,C1,yolsuzluk,yozlaşma,,
costly,adjective,C1,pahalı,masraflı,,
councilor,noun,C1,meclis üyesi,,,
counseling,noun,C1,danışmanlık,,,
counselor,noun,C1,danışman,,,
counter,verb,C1,karşı koymak,,"werkwoord — zie ook counter (zelfstandig naamwoord, tezgah) (to respond to, oppose)",
counter,noun,B2,tezgah,,zelfstandig naamwoord (toonbank) — zie ook counter (telapparaat) (a flat surface for serving/selling),
counter,noun,C1,sayaç,,"zelfstandig naamwoord (telapparaat, bv. geigerteller) — zie ook counter (toonbank) (a flat surface for serving/selling)",
counterpart,noun,C1,muadil,karşılık,,
countless,adjective,C1,sayısız,,,
coup,noun,C1,darbe,,,
courtesy,noun,C1,nezaket,incelik,,
coverage,noun,B2,kapsam,haber yayını,,
cowboy,noun,B2,kovboy,,,
crack,verb,B2,çatlamak,kırmak,werkwoord — zie ook crack (zelfstandig naamwoord) (to split without breaking apart),
crack,noun,B2,çatlak,,zelfstandig naamwoord — zie ook crack (werkwoord) (a thin break/split),
craft,noun,B2,zanaat,el sanatı,zelfstandig naamwoord — zie ook craft (werkwoord) (a skilled trade),
craft,verb,C1,el emeğiyle yapmak,özenle hazırlamak,werkwoord — zie ook craft (zelfstandig naamwoord) (to make skillfully by hand),
crawl,verb,C1,sürünmek,emeklemek,,
creativity,noun,B2,yaratıcılık,,,
creator,noun,C1,yaratıcı,yaratan,,
credibility,noun,C1,güvenilirlik,,,
credible,adjective,C1,güvenilir,inandırıcı,,
creep,verb,C1,sinsice ilerlemek,sürünmek,,
critically,adverb,C1,eleştirel bir şekilde,,bijwoord (op kritische/analytische wijze) — zie ook critically (ernstig),
critically,adverb,C1,son derece,,"bijwoord (uiterst, bv. ""critically ill"") — zie ook critically (kritisch/analytisch)",
critique,noun,C1,eleştiri,,,
crown,noun,C1,taç,,,
crude,adjective,B2,kaba,,bijvoeglijk naamwoord (onbeschoft) — zie ook crude (olie),
crude,adjective,C1,ham,,"bijvoeglijk naamwoord (ongeraffineerd, bv. ruwe olie) — zie ook crude (onbeschoft)",
cruise,noun,B2,gemi yolculuğu,,zelfstandig naamwoord — zie ook cruise (werkwoord) (a leisure voyage by ship),
cruise,verb,B2,seyir etmek,gezinti yapmak,"werkwoord — zie ook cruise (zelfstandig naamwoord) (to travel steadily, e.g. by ship)",
crush,verb,C1,ezmek,,,
crystal,noun,C1,kristal,,,
cue,noun,B2,işaret,ipucu,,
cult,noun,C1,tarikat,kült,,
cultivate,verb,C1,yetiştirmek,geliştirmek,,
curiosity,noun,C1,merak,,,
curious,adjective,B2,meraklı,,,
curriculum,noun,B2,müfredat,,,
custody,noun,C1,gözaltı,velayet,"hechtenis, of voogdij (kinderen)",
cute,adjective,B2,sevimli,şirin,,
cutting,noun,C1,kesme,kesim,,
cynical,adjective,C1,alaycı,kinik,,
dad,noun,A1,baba,,,informeel
daily,adjective,A2,günlük,,,
dairy,noun,B2,süt ürünleri,mandıra ürünleri,zelfstandig naamwoord — zie ook dairy (bijvoeglijk) (milk products),
dairy,adjective,B2,süt ürünleriyle ilgili,,bijvoeglijk naamwoord — zie ook dairy (zelfstandig naamwoord) (related to milk products),
dam,noun,C1,baraj,,,
damage,noun,B1,hasar,,zelfstandig naamwoord — zie ook damage (werkwoord) (harm to something),
damage,verb,B1,zarar vermek,,"werkwoord — zie ook damage (zelfstandig naamwoord) (to harm, cause harm to)",
damaging,adjective,C1,zararlı,hasar verici,,
dance,noun,A1,dans,,zelfstandig naamwoord — zie ook dance (werkwoord) (a set of rhythmic movements),
dance,verb,A1,dans etmek,,werkwoord — zie ook dance (zelfstandig naamwoord) (to move rhythmically to music),
dancer,noun,A1,dansçı,,,
dancing,noun,A1,dans etme,,,
danger,noun,A2,tehlike,,,
dangerous,adjective,A1,tehlikeli,,,
dare,verb,B2,cesaret etmek,göze almak,,
dark,adjective,A1,karanlık,,bijvoeglijk naamwoord (zonder licht) — zie ook dark (kleur),
dark,adjective,B1,koyu,,"bijvoeglijk naamwoord (kleurtint, bv. donkerblauw) — zie ook dark (zonder licht)",
darkness,noun,B2,karanlık,,,
data,noun,A2,veri,,,
database,noun,B2,veritabanı,,,
date,verb,B2,flört etmek,tarihlendirmek,werkwoord — zie ook date (zelfstandig naamwoord) (to go out romantically with),
date,noun,A1,tarih,,"zelfstandig naamwoord (kalenderdatum) — zie ook date (afspraakje) (a point in time, or a romantic outing)",
date,noun,B1,randevu,,"zelfstandig naamwoord (romantisch afspraakje) — zie ook date (kalenderdatum) (a point in time, or a romantic outing)",
daughter,noun,A1,kız evlat,,,
dawn,noun,C1,şafak,tan,,
day,noun,A1,gün,,,
dead,adjective,A2,ölü,,,
deadline,noun,B2,son tarih,teslim tarihi,,
deadly,adjective,B2,ölümcül,,,
deal,verb,A2,ilgilenmek (ele almak),,"werkwoord — zie ook deal (zelfstandig naamwoord) (deal with: to handle, take care of)",
deal,noun,B1,anlaşma,,zelfstandig naamwoord — zie ook deal (werkwoord) (an agreement),
dealer,noun,B2,satıcı,bayi,,
dear,adjective,A1,sevgili,,,
death,noun,A2,ölüm,,,gevoelig onderwerp
debate,noun,B2,tartışma (münazara),,zelfstandig naamwoord — zie ook debate (werkwoord) (a formal discussion of opposing views),
debate,verb,B2,tartışmak,,werkwoord — zie ook debate (zelfstandig naamwoord) (to discuss opposing views),
debris,noun,C1,enkaz,moloz,,
debt,noun,B2,borç,,,
debut,noun,C1,ilk çıkış,debüt,,
decade,noun,B1,on yıl,,,
decent,adjective,B2,düzgün,makul,,
decide,verb,A1,karar vermek,,,
decision,noun,A2,karar,,,
decision-making,noun,C1,karar verme,,,
decisive,adjective,C1,kararlı,belirleyici,,
deck,noun,B2,güverte,,zelfstandig naamwoord (scheepsdek) — zie ook deck (terras),
deck,noun,C1,teras,,zelfstandig naamwoord (houten terras bij een huis) — zie ook deck (scheepsdek),
declaration,noun,C1,beyan,bildirge,,
declare,verb,B2,beyan etmek,ilan etmek,,
decline,verb,B2,reddetmek,gerilemek,"werkwoord — zie ook decline (zelfstandig naamwoord) (to refuse, or to decrease)",
decline,noun,B2,düşüş,,zelfstandig naamwoord — zie ook decline (werkwoord) (a decrease),
decorate,verb,B2,dekore etmek,süslemek,,
decoration,noun,B2,dekorasyon,süsleme,,
decrease,verb,B2,azalmak,,werkwoord — zie ook decrease (zelfstandig naamwoord) (to become less),
decrease,noun,B2,azalma,,zelfstandig naamwoord — zie ook decrease (werkwoord) (a reduction),
dedicated,adjective,C1,özverili,adanmış,,
dedication,noun,C1,özveri,adanmışlık,,
deed,noun,C1,eylem,,zelfstandig naamwoord (daad/handeling) — zie ook deed (aktebewijs),
deed,noun,C1,tapu senedi,,zelfstandig naamwoord (juridische eigendomsakte) — zie ook deed (daad),
deep,adjective,A2,derin,,,
deeply,adverb,B2,derinden,,,
default,noun,C1,varsayılan,,zelfstandig naamwoord (standaardinstelling) — zie ook default (wanbetaling),
default,noun,C1,temerrüt,,zelfstandig naamwoord (financiële wanbetaling) — zie ook default (standaardinstelling),
defeat,verb,B2,yenmek,,"werkwoord — zie ook defeat (zelfstandig naamwoord) (to beat, win against)",
defeat,noun,B2,yenilgi,,zelfstandig naamwoord — zie ook defeat (werkwoord) (a loss in a contest),
defect,noun,C1,kusur,arıza,,
defend,verb,B2,savunmak,,,
defender,noun,B2,savunucu,defans oyuncusu,,
defense,noun,B2,savunma,,,
defensive,adjective,C1,savunmacı,,,
deficiency,noun,C1,eksiklik,yetersizlik,,
deficit,noun,C1,açık,eksiklik,,
define,verb,B1,tanımlamak,,,
definite,adjective,B1,kesin,,,
definitely,adverb,A2,kesinlikle,,,
definition,noun,B1,tanım,,,
defy,verb,C1,meydan okumak,karşı gelmek,,
degree,noun,A2,derece,diploma,,
delay,verb,B2,geciktirmek,,werkwoord — zie ook delay (zelfstandig naamwoord) (to make something later),
delay,noun,B2,gecikme,,zelfstandig naamwoord — zie ook delay (werkwoord) (a period of waiting),
delegate,noun,C1,delege,temsilci,,
delegation,noun,C1,heyet,delegasyon,,
delete,verb,B2,silmek,,,
deliberate,adjective,B2,kasıtlı,bilinçli,,
deliberately,adverb,B2,kasten,,,
delicate,adjective,C1,narin,hassas,,
delicious,adjective,A1,lezzetli,,,
delighted,adjective,B2,çok memnun,sevinçli,,
deliver,verb,B1,teslim etmek,,,
delivery,noun,B2,teslimat,,,
demand,noun,B2,talep,,zelfstandig naamwoord — zie ook demand (werkwoord) (a firm request),
demand,verb,B2,talep etmek,,werkwoord — zie ook demand (zelfstandig naamwoord) (to ask for firmly),
democracy,noun,B2,demokrasi,,,
democratic,adjective,B2,demokratik,,,
demon,noun,C1,iblis,şeytan,,
demonstrate,verb,B2,göstermek,kanıtlamak,,
demonstration,noun,B2,gösteri,protesto,,
denial,noun,C1,inkâr,,,
denounce,verb,C1,kınamak,ihbar etmek,,
dense,adjective,C1,yoğun,,,
density,noun,C1,yoğunluk,,,
dentist,noun,A2,diş hekimi,,,
deny,verb,B2,inkar etmek,reddetmek,,
depart,verb,B2,ayrılmak,hareket etmek,,
department,noun,A2,bölüm (kurum),,,
departure,noun,B1,kalkış (hareket),ayrılış,,
depend,verb,A2,bağlı olmak,,,
dependence,noun,C1,bağımlılık,,,
dependent,adjective,B2,bağımlı,,,
depict,verb,C1,tasvir etmek,betimlemek,,
deploy,verb,C1,konuşlandırmak,,,
deployment,noun,C1,konuşlandırma,,,
deposit,verb,B2,yatırmak,,werkwoord — zie ook deposit (zelfstandig naamwoord) (to place money somewhere for safekeeping),
deposit,noun,B2,depozito,,zelfstandig naamwoord (borgsom) — zie ook deposit (bankstorting) (money placed somewhere for safekeeping),
deposit,noun,C1,mevduat,,zelfstandig naamwoord (bankstorting/deposito) — zie ook deposit (borgsom) (money placed somewhere for safekeeping),
depressed,adjective,B2,çökkün,,,
depressing,adjective,B2,iç karartıcı,,,
depression,noun,B2,depresyon,,zelfstandig naamwoord (psychische depressie)  — zie ook depression (economische depressie),
depression,noun,C1,durgunluk,,zelfstandig naamwoord (economische depressie/recessie) — zie ook depression (psychisch),
deprive,verb,C1,mahrum etmek,,,
depth,noun,B2,derinlik,,,
deputy,noun,C1,vekil,milletvekili,,
derive,verb,B2,türetmek,elde etmek,,
descend,verb,C1,inmek,,,
descent,noun,C1,iniş,soy,"het naar beneden gaan, of afkomst",
describe,verb,A1,tanımlamak,tarif etmek,,
description,noun,A1,tanım,tarif,,
desert,noun,A2,çöl,,"zelfstandig naamwoord — zie ook desert (werkwoord) (a dry, sandy region)",
desert,verb,B2,terk etmek,,werkwoord — zie ook desert (zelfstandig naamwoord) (to abandon),
deserve,verb,B2,hak etmek,,,
design,noun,A1,tasarım,,"zelfstandig naamwoord — zie ook design (werkwoord) (a plan, layout)",
design,verb,A1,tasarlamak,,"werkwoord — zie ook design (zelfstandig naamwoord) (to plan, create the layout of)",
designate,verb,C1,atamak,belirlemek,,
designer,noun,A2,tasarımcı,,,
desirable,adjective,C1,arzu edilen,istenen,,
desire,noun,B2,arzu,,zelfstandig naamwoord — zie ook desire (werkwoord) (a strong wish),
desire,verb,B2,arzulamak,,werkwoord — zie ook desire (zelfstandig naamwoord) (to want strongly),
desk,noun,A1,masa (çalışma),,,
desktop,noun,C1,masaüstü,,,
desperate,adjective,B2,çaresiz,umutsuz,,
desperately,adverb,B2,çaresizce,umutsuzca,,
despite,preposition,B1,rağmen,,,
dessert,noun,A2,tatlı,,,
destination,noun,B1,varış noktası,hedef,,
destroy,verb,A2,yok etmek,,,
destruction,noun,B2,yıkım,tahribat,,
destructive,adjective,C1,yıkıcı,,,
detail,noun,A1,ayrıntı,,zelfstandig naamwoord — zie ook detail (werkwoord) (a small specific fact),
detail,verb,B2,ayrıntılı anlatmak,,werkwoord — zie ook detail (zelfstandig naamwoord) (to describe fully),
detailed,adjective,B2,ayrıntılı,,,
detain,verb,C1,gözaltına almak,alıkoymak,,
detect,verb,B2,tespit etmek,,,
detection,noun,C1,tespit,,,
detective,noun,A2,dedektif,,,
detention,noun,C1,gözaltı,alıkoyma,,
deteriorate,verb,C1,kötüleşmek,,,
determination,noun,B2,kararlılık,,,
determine,verb,B1,belirlemek,,,
determined,adjective,B1,kararlı,,,
devastate,verb,C1,harap etmek,yıkmak,,
develop,verb,A2,geliştirmek,,,
development,noun,B1,gelişim,gelişme,,
device,noun,A2,cihaz,,,
devil,noun,C1,şeytan,,,
devise,verb,C1,tasarlamak,geliştirmek,,
devote,verb,B2,adamak,,,
diagnose,verb,C1,teşhis etmek,,,
diagnosis,noun,C1,teşhis,,,
diagram,noun,B1,şema,diyagram,,
dialogue,noun,A1,diyalog,,,
diamond,noun,B1,elmas,,,
diary,noun,A2,günlük (defter),,,
dictate,verb,C1,dikte etmek,emretmek,,
dictator,noun,C1,diktatör,,,
dictionary,noun,A1,sözlük,,,
die,verb,A1,ölmek,,,gevoelig onderwerp
diet,noun,A1,beslenme,,zelfstandig naamwoord (algemene voeding/eetpatroon) — zie ook diet (dieet),
diet,noun,B1,perhiz,,zelfstandig naamwoord (afslank-/gezondheidsdieet) — zie ook diet (algemene voeding),
differ,verb,B2,farklı olmak,ayrılmak,,
difference,noun,A1,fark,,,
different,adjective,A1,farklı,,,
differentiate,verb,C1,ayırt etmek,,,
differently,adverb,A2,farklı bir şekilde,,,
difficult,adjective,A1,zor,,,
difficulty,noun,B1,zorluk,,,
dig,verb,B2,kazmak,,,
digital,adjective,A2,dijital,,,
dignity,noun,C1,onur,haysiyet,,
dilemma,noun,C1,ikilem,,,
dime,noun,B2,on sentlik para,,Amerikan para birimi (10 cent) — geen exact Turks equivalent,
dimension,noun,C1,boyut,,,
diminish,verb,C1,azalmak,küçültmek,,
dinner,noun,A1,akşam yemeği,,,
dip,verb,C1,daldırmak,hafifçe düşmek,,
diplomat,noun,C1,diplomat,,,
diplomatic,adjective,C1,diplomatik,,,
direct,adjective,A2,doğrudan,,"bijvoeglijk naamwoord — zie ook direct (werkwoord) (straight, not roundabout)",
direct,verb,B1,yönetmek (yönlendirmek),,"werkwoord — zie ook direct (bijvoeglijk) (to guide, be in charge of)",
direction,noun,A2,yön,,,
directly,adverb,B1,doğrudan,,,
director,noun,A2,yönetmen,,zelfstandig naamwoord (filmregisseur) — zie ook director (bedrijfsdirecteur),
director,noun,B2,müdür,,zelfstandig naamwoord (bedrijfsdirecteur/manager) — zie ook director (filmregisseur),
directory,noun,C1,dizin,rehber,,
dirt,noun,B1,kir,,zelfstandig naamwoord (vuil) — zie ook dirt (aarde),
dirt,noun,B2,toprak,,zelfstandig naamwoord (aarde/grond) — zie ook dirt (vuil),
dirty,adjective,A1,kirli,,,
disability,noun,B2,engellilik,,,
disabled,adjective,B2,engelli,,,
disadvantage,noun,B1,dezavantaj,,,
disagree,verb,A2,aynı fikirde olmamak,,,
disagreement,noun,B2,anlaşmazlık,fikir ayrılığı,,
disappear,verb,A2,kaybolmak,,,
disappoint,verb,B2,hayal kırıklığına uğratmak,,,
disappointed,adjective,B1,hayal kırıklığına uğramış,,,
disappointing,adjective,B1,hayal kırıklığı yaratan,,,
disappointment,noun,B2,hayal kırıklığı,,,
disaster,noun,A2,felaket,afet,,
disastrous,adjective,C1,felaket getiren,yıkıcı,,
discard,verb,C1,atmak,elden çıkarmak,,
discharge,verb,C1,taburcu etmek,serbest bırakmak,"ziekenhuis, of vrijlating (leger/gevangenis)",
discipline,noun,B2,disiplin,,,
disclose,verb,C1,açıklamak,ifşa etmek,,
disclosure,noun,C1,açıklama,ifşa,,
discount,noun,B1,indirim,,zelfstandig naamwoord — zie ook discount (werkwoord) (a price reduction),
discount,verb,B2,indirim yapmak,,werkwoord — zie ook discount (zelfstandig naamwoord) (to reduce the price of),
discourage,verb,B2,caydırmak,,,
discourse,noun,C1,söylem,,,
discover,verb,A2,keşfetmek,,,
discovery,noun,A2,keşif,,,
discretion,noun,C1,takdir yetkisi,sağduyu,,
discrimination,noun,C1,ayrımcılık,,,
discuss,verb,A1,tartışmak,,,
discussion,noun,A2,tartışma,,,
disease,noun,A2,hastalık,,,
dish,noun,A2,tabak,,zelfstandig naamwoord (bord) — zie ook dish (gerecht),
dish,noun,B1,yemek,,zelfstandig naamwoord (een gerecht/maaltijd) — zie ook dish (bord),
dishonest,adjective,B2,dürüst olmayan,,,
disk,noun,B2,disk,,,
dislike,verb,B1,hoşlanmamak,,werkwoord — zie ook dislike (zelfstandig naamwoord) (to not like),
dislike,noun,B1,hoşlanmama,,zelfstandig naamwoord — zie ook dislike (werkwoord) (a feeling of not liking),
dismiss,verb,B2,işten çıkarmak,reddetmek,,
dismissal,noun,C1,işten çıkarma,reddetme,,
disorder,noun,B2,düzensizlik,bozukluk,,
displace,verb,C1,yerinden etmek,,,
display,verb,B2,sergilemek,,werkwoord — zie ook display (zelfstandig naamwoord) (to show publicly),
display,noun,B2,sergi,,zelfstandig naamwoord (tentoonstelling) — zie ook display (beeldscherm) (a public showing),
display,noun,C1,ekran,,zelfstandig naamwoord (beeldscherm/display) — zie ook display (tentoonstelling) (a public showing),
disposal,noun,C1,imha,elden çıkarma,,
dispose,verb,C1,elden çıkarmak,atmak,,
dispute,noun,C1,anlaşmazlık,,zelfstandig naamwoord — zie ook dispute (werkwoord) (a disagreement),
dispute,verb,C1,itiraz etmek,,"werkwoord — zie ook dispute (zelfstandig naamwoord) (to argue against, question)",
disrupt,verb,C1,aksatmak,bozmak,,
disruption,noun,C1,aksama,kesinti,,
dissolve,verb,C1,çözülmek,feshetmek,,
distance,noun,A2,mesafe,,,
distant,adjective,B2,uzak,,,
distinct,adjective,B2,belirgin,farklı,,
distinction,noun,C1,ayrım,fark,,
distinctive,adjective,C1,ayırt edici,,,
distinguish,verb,B2,ayırt etmek,,,
distort,verb,C1,çarpıtmak,,,
distract,verb,B2,dikkatini dağıtmak,,,
distress,noun,C1,sıkıntı,,zelfstandig naamwoord — zie ook distress (werkwoord) (great worry or pain),
distress,verb,C1,sıkıntı vermek,,werkwoord — zie ook distress (zelfstandig naamwoord) (to cause great worry or pain),
distribute,verb,B2,dağıtmak,,,
distribution,noun,B2,dağıtım,,,
district,noun,B1,bölge (idari),,,
disturb,verb,B2,rahatsız etmek,,,
disturbing,adjective,C1,rahatsız edici,,,
dive,verb,B2,dalmak,,werkwoord — zie ook dive (zelfstandig naamwoord) (to jump headfirst into water),
dive,noun,B2,dalış,,zelfstandig naamwoord — zie ook dive (werkwoord) (a jump into water),
diverse,adjective,B2,çeşitli,,,
diversity,noun,B2,çeşitlilik,,,
divert,verb,C1,yönünü değiştirmek,saptırmak,,
divide,verb,B1,bölmek,,werkwoord — zie ook divide (zelfstandig naamwoord) (to split into parts),
divide,noun,B2,ayrım (bölünme),,zelfstandig naamwoord — zie ook divide (werkwoord) (a split between groups),
divine,adjective,C1,ilahi,,,
division,noun,B2,bölünme,,zelfstandig naamwoord (het splitsen/de scheiding) — zie ook division (afdeling),
division,noun,B2,bölüm,,zelfstandig naamwoord (afdeling/eenheid van een organisatie) — zie ook division (het splitsen),
divorce,noun,B2,boşanma,,zelfstandig naamwoord — zie ook divorce (werkwoord) (the legal end of a marriage),
divorce,verb,B2,boşanmak,,werkwoord — zie ook divorce (zelfstandig naamwoord) (to legally end a marriage),
divorced,adjective,A2,boşanmış,,,
do,verb,A1,yapmak,,,
doctor,noun,A1,doktor,,,
doctrine,noun,C1,doktrin,,,
document,noun,A2,belge,,zelfstandig naamwoord — zie ook document (werkwoord) (a written/printed record),
document,verb,B2,belgelemek,,werkwoord — zie ook document (zelfstandig naamwoord) (to record in writing),
documentary,noun,B1,belgesel,,,
documentation,noun,C1,belgeleme,dokümantasyon,,
dog,noun,A1,köpek,,,
dollar,noun,A1,dolar,,,
domain,noun,C1,alan,etki alanı,,
domestic,adjective,B2,yurt içi,ev ile ilgili,,
dominance,noun,C1,üstünlük,hakimiyet,,
dominant,adjective,B2,baskın,hakim,,
dominate,verb,B2,hakim olmak,,,
donate,verb,B1,bağışlamak,,,
donation,noun,B2,bağış,,,
donor,noun,C1,bağışçı,verici,,
door,noun,A1,kapı,,,
dose,noun,C1,doz,,,
dot,noun,B2,nokta,,,
double,adjective,A2,çift,iki katı,,
doubt,noun,B1,şüphe,,zelfstandig naamwoord — zie ook doubt (werkwoord) (a feeling of uncertainty),
doubt,verb,B1,şüphe etmek,,werkwoord — zie ook doubt (zelfstandig naamwoord) (to feel uncertain about),
down,adverb,A1,aşağı,,,
download,verb,A2,indirmek (dosya),,,
downstairs,adverb,A1,alt katta,,,
downtown,adverb,A2,şehir merkezine,,,
downward,adjective,B2,aşağı doğru,,,
dozen,noun,B2,düzine,,,
draft,noun,B2,taslak,,"zelfstandig naamwoord — zie ook draft (werkwoord) (an early, unfinished version)",
draft,verb,B2,taslağını hazırlamak,,werkwoord — zie ook draft (zelfstandig naamwoord) (to write an early version of),
drag,verb,B2,sürüklemek,,,
drain,verb,C1,boşaltmak,akıtmak,,
drama,noun,A2,drama,,,
dramatic,adjective,B2,dramatik,,,
dramatically,adverb,B2,çarpıcı bir şekilde,,,
draw,verb,A1,çizmek,,,
drawing,noun,A2,çizim,,,
dream,noun,A2,rüya,hayal,zelfstandig naamwoord — zie ook dream (werkwoord) (images seen while asleep),
dream,verb,A2,rüya görmek,hayal etmek,werkwoord — zie ook dream (zelfstandig naamwoord) (to see images while asleep),
dress,noun,A1,elbise,,zelfstandig naamwoord — zie ook dress (werkwoord) (a piece of women's clothing),
dress,verb,A1,giyinmek,,werkwoord — zie ook dress (zelfstandig naamwoord) (to put on clothes),
dressed,adjective,B1,giyinmiş,,,
drift,verb,C1,sürüklenmek,,,
drink,noun,A1,içecek,,zelfstandig naamwoord — zie ook drink (werkwoord) (a liquid for drinking),
drink,verb,A1,içmek,,werkwoord — zie ook drink (zelfstandig naamwoord) (to swallow liquid),
drive,verb,A1,araba kullanmak,,werkwoord — zie ook drive (zelfstandig naamwoord) (to operate a vehicle),
drive,noun,A2,sürüş,,zelfstandig naamwoord — zie ook drive (werkwoord) (a trip by car),
driver,noun,A1,şoför,sürücü,,
driving,adjective,C1,itici,sürükleyici,"(forceful, powerful)",
driving,noun,A2,araç kullanma,,(operating a vehicle),
drop,verb,A2,düşürmek,,werkwoord — zie ook drop (zelfstandig naamwoord) (to let fall),
drop,noun,B1,damla,,zelfstandig naamwoord (druppel) — zie ook drop (daling) (a small round bit of liquid),
drop,noun,B2,düşüş,,zelfstandig naamwoord (daling/afname) — zie ook drop (druppel) (a small round bit of liquid),
drought,noun,B2,kuraklık,,,
drown,verb,C1,boğulmak,,,
drug,noun,A2,ilaç,,zelfstandig naamwoord (medicijn) — zie ook drug (verdovend middel),
drug,noun,B2,uyuşturucu,,zelfstandig naamwoord (illegaal verdovend middel) — zie ook drug (medicijn),
drum,noun,B1,davul,,,
drunk,adjective,B1,sarhoş,,,
dry,adjective,A2,kuru,,bijvoeglijk naamwoord — zie ook dry (werkwoord) (not wet),
dry,verb,A2,kurutmak,,werkwoord — zie ook dry (bijvoeglijk) (to remove moisture from),
dual,adjective,C1,çift,ikili,,
dub,verb,C1,seslendirmek,lakap takmak,"film/dizi seslendirme, of bijnaam geven",
due,adjective,B1,vadesi gelmiş,-e bağlı,,
dull,adjective,B2,donuk,sıkıcı,,
dumb,adjective,C1,aptal,,,informeel; kan als belediging worden opgevat
dump,verb,B2,dökmek,atmak,,
duo,noun,C1,ikili,,,
duration,noun,B2,süre,,,
during,preposition,A1,süresince,sırasında,,
dust,noun,B1,toz,,,
duty,noun,B1,görev,,zelfstandig naamwoord (taak/verantwoordelijkheid) — zie ook duty (douanerecht),
duty,noun,B2,gümrük vergisi,,zelfstandig naamwoord (douanerecht/invoerbelasting) — zie ook duty (taak),
dynamic,adjective,B2,dinamik,,"bijvoeglijk naamwoord — zie ook dynamic (zelfstandig naamwoord) (energetic, always changing)",
dynamic,noun,C1,dinamik,,zelfstandig naamwoord — zie ook dynamic (bijvoeglijk) (a force that produces change),
each,determiner,A1,her bir,,,
eager,adjective,B2,istekli,hevesli,,
ear,noun,A1,kulak,,,
early,adjective,A1,erken,,,
earn,verb,A2,kazanmak (para),,,
earnings,noun,C1,kazanç,gelir,,
earth,noun,A2,dünya,toprak,,
earthquake,noun,B1,deprem,,,
ease,noun,C1,kolaylık,,zelfstandig naamwoord — zie ook ease (werkwoord) (a lack of difficulty),
ease,verb,C1,hafifletmek,,werkwoord — zie ook ease (zelfstandig naamwoord) (to make less difficult/severe),
easily,adverb,A2,kolayca,,,
east,noun,A1,doğu,,,
eastern,adjective,B1,doğu ile ilgili,,,
easy,adjective,A1,kolay,,,
eat,verb,A1,yemek yemek,,,
echo,verb,C1,yankılanmak,,werkwoord — zie ook echo (zelfstandig naamwoord) (to repeat a sound),
echo,noun,C1,yankı,,zelfstandig naamwoord — zie ook echo (werkwoord) (a repeated sound),
ecological,adjective,C1,ekolojik,,,
economic,adjective,B1,ekonomik,,,
economics,noun,B2,ekonomi,,,
economist,noun,B2,ekonomist,,,
economy,noun,B1,ekonomi,,,
edge,noun,B1,kenar,,,
edit,verb,B2,düzenlemek (metin),,,
edition,noun,B2,baskı (yayın),,,
editor,noun,B1,editör,,,
editorial,adjective,B2,başyazıya ait,editoryal,,
educate,verb,B1,eğitmek,,,
educated,adjective,B1,eğitimli,,,
education,noun,A2,eğitim,,,
educational,adjective,B1,eğitimsel,,,
educator,noun,C1,eğitimci,,,
effect,noun,A2,etki,,,
effective,adjective,B1,etkili,,,
effectively,adverb,B1,etkili bir şekilde,,,
effectiveness,noun,C1,etkinlik,,,
efficiency,noun,C1,verimlilik,,,
efficient,adjective,B2,verimli,etkin,,
efficiently,adverb,B2,verimli bir şekilde,,,
effort,noun,B1,çaba,,,
egg,noun,A1,yumurta,,,
ego,noun,C1,ego,benlik,,
eight,number,A1,sekiz,,,
eighteen,number,A1,on sekiz,,,
eighty,number,A1,seksen,,,
either,determiner,A2,her ikisinden biri,,,
elaborate,adjective,C1,ayrıntılı,özenli,,
elbow,noun,B2,dirsek,,,
elderly,adjective,B2,yaşlı,,,
elect,verb,B2,seçmek (oyla),,,
election,noun,B1,seçim,,,
electoral,adjective,C1,seçimle ilgili,seçim-,,
electric,adjective,A2,elektrikli,,,
electrical,adjective,A2,elektrikle ilgili,,,
electricity,noun,A2,elektrik,,,
electronic,adjective,A2,elektronik,,,
electronics,noun,B2,elektronik,,,
elegant,adjective,B2,zarif,,,
element,noun,B1,unsur,,zelfstandig naamwoord (algemeen bestanddeel/factor) — zie ook element (scheikundig),
element,noun,B2,element,,zelfstandig naamwoord (scheikundig element) — zie ook element (bestanddeel),
elementary,adjective,B2,temel,ilkokula ait,"algemeen, of basisschool-",
elephant,noun,A1,fil,,,
elevate,verb,C1,yükseltmek,,,
elevator,noun,A2,asansör,,,
eleven,number,A1,on bir,,,
eligible,adjective,C1,uygun,hak kazanan,,
eliminate,verb,B2,elemek,ortadan kaldırmak,,
elite,noun,C1,seçkinler,elit,,
else,adverb,A1,başka,,,
elsewhere,adverb,B2,başka bir yerde,,,
email,noun,A1,e-posta,,zelfstandig naamwoord — zie ook email (werkwoord) (an electronic message),
email,verb,A1,e-posta göndermek,,werkwoord — zie ook email (zelfstandig naamwoord) (to send an electronic message),
embark,verb,C1,girişmek,gemiye binmek,,
embarrassed,adjective,B1,utanmış,mahcup,,
embarrassing,adjective,B1,utandırıcı,,,
embarrassment,noun,C1,utanç,mahcubiyet,,
embassy,noun,C1,büyükelçilik,,,
embed,verb,C1,gömmek,yerleştirmek,,
embody,verb,C1,somutlaştırmak,temsil etmek,,
embrace,verb,B2,kucaklamak,benimsemek,,
emerge,verb,B2,ortaya çıkmak,,,
emergence,noun,C1,ortaya çıkış,,,
emergency,noun,B1,acil durum,,,
emission,noun,B2,emisyon,salım,,
emotion,noun,B1,duygu,,,
emotional,adjective,B2,duygusal,,,
emotionally,adverb,B2,duygusal olarak,,,
emphasis,noun,B2,vurgu,,,
emphasize,verb,B2,vurgulamak,,,
empire,noun,B2,imparatorluk,,,
empirical,adjective,C1,ampirik,deneysel,,
employ,verb,A2,istihdam etmek,işe almak,,
employee,noun,A2,çalışan,,,
employer,noun,A2,işveren,,,
employment,noun,B1,istihdam,,,
empower,verb,C1,güçlendirmek,yetki vermek,,
empty,adjective,A2,boş,,bijvoeglijk naamwoord — zie ook empty (werkwoord) (containing nothing),
empty,verb,B1,boşaltmak,,werkwoord — zie ook empty (bijvoeglijk) (to remove everything from),
enable,verb,B2,olanak sağlamak,,,
enact,verb,C1,yürürlüğe koymak,,,
encompass,verb,C1,kapsamak,,,
encounter,verb,B2,karşılaşmak,,werkwoord — zie ook encounter (zelfstandig naamwoord) (to meet unexpectedly),
encounter,noun,B2,karşılaşma,,zelfstandig naamwoord — zie ook encounter (werkwoord) (an unexpected meeting),
encourage,verb,B1,teşvik etmek,cesaretlendirmek,,
encouragement,noun,C1,teşvik,cesaretlendirme,,
encouraging,adjective,C1,teşvik edici,umut verici,,
end,noun,A1,son,,zelfstandig naamwoord — zie ook end (werkwoord) (the final point),
end,verb,A1,bitirmek,sona ermek,"werkwoord — zie ook end (zelfstandig naamwoord) (to finish, stop)",
endeavor,noun,C1,çaba,girişim,,
ending,noun,A2,son (bitiş),,,
endless,adjective,C1,sonsuz,bitmez tükenmez,,
endorse,verb,C1,onaylamak,desteklemek,,
endorsement,noun,C1,onay,destek,,
endure,verb,C1,dayanmak,katlanmak,,
enemy,noun,B1,düşman,,,
energy,noun,A2,enerji,,,
enforce,verb,C1,uygulamak,zorla uygulatmak,,
enforcement,noun,C1,uygulama,yaptırım,,
engage,verb,B2,meşgul etmek,katılmak,,
engaged,adjective,B1,nişanlı,meşgul,,
engagement,noun,C1,nişan,katılım,"verloving, of betrokkenheid/deelname",
engaging,adjective,C1,ilgi çekici,sürükleyici,,
engine,noun,A2,motor,,,
engineer,noun,A2,mühendis,,,
engineering,noun,B1,mühendislik,,,
enhance,verb,B2,artırmak (iyileştirmek),,,
enjoy,verb,A1,zevk almak,,,
enjoyable,adjective,B2,keyifli,eğlenceli,,
enormous,adjective,A2,muazzam,kocaman,,
enough,determiner,A1,yeterli,,,
enrich,verb,C1,zenginleştirmek,,,
enroll,verb,C1,kaydolmak,,,
ensue,verb,C1,ardından gelmek,,,
ensure,verb,B2,sağlamak (garanti),,,
enter,verb,A2,girmek,,,
enterprise,noun,C1,girişim,şirket,,
entertain,verb,B1,eğlendirmek,,,
entertaining,adjective,B2,eğlenceli,,,
entertainment,noun,B1,eğlence,,,
enthusiasm,noun,B2,heves,coşku,,
enthusiast,noun,C1,meraklı,hayran,,
enthusiastic,adjective,B2,hevesli,,,
entire,adjective,B2,bütün (tüm),,,
entirely,adverb,B2,tamamen,,,
entitle,verb,C1,hak tanımak,yetkilendirmek,,
entity,noun,C1,varlık,kurum,,
entrance,noun,B1,giriş,,,
entrepreneur,noun,B2,girişimci,,,
entry,noun,B1,giriş (kayıt),,,
envelope,noun,B2,zarf,,,
environment,noun,A2,çevre,,,
environmental,adjective,B1,çevresel,,,
epidemic,noun,C1,salgın,,,
episode,noun,B1,bölüm (dizi),,,
equal,adjective,B1,eşit,,bijvoeglijk naamwoord — zie ook equal (werkwoord) (the same in amount/value),
equal,verb,B1,eşit olmak,,"werkwoord — zie ook equal (bijvoeglijk) (to be the same as, add up to)",
equality,noun,C1,eşitlik,,,
equally,adverb,B1,eşit olarak,,,
equation,noun,C1,denklem,,,
equip,verb,B2,donatmak,,,
equipment,noun,A2,ekipman,,,
equivalent,noun,B2,eşdeğer,,zelfstandig naamwoord — zie ook equivalent (bijvoeglijk) (something equal in value/meaning),
equivalent,adjective,B2,eşdeğer,,bijvoeglijk naamwoord — zie ook equivalent (zelfstandig) (equal in value/meaning),
era,noun,B2,çağ,dönem,,
erect,verb,C1,dikmek,inşa etmek,,
error,noun,A2,hata,,,
erupt,verb,B2,patlamak,aniden başlamak,,
escalate,verb,C1,tırmanmak,yükseltmek,,
escape,verb,B1,kaçmak,,werkwoord — zie ook escape (zelfstandig naamwoord) (to get free),
escape,noun,B1,kaçış,,zelfstandig naamwoord — zie ook escape (werkwoord) (the act of getting free),
especially,adverb,A2,özellikle,,,
essay,noun,A2,deneme (yazı),,,
essence,noun,C1,öz,esas,,
essential,adjective,B1,gerekli (temel),,,
essentially,adverb,B2,esasen,temelde,,
establish,verb,B2,kurmak,,,
establishment,noun,C1,kuruluş,yerleşik düzen,,
estate,noun,B2,emlak,mülk,,
estimate,verb,B2,tahmin etmek,,werkwoord — zie ook estimate (zelfstandig naamwoord) (to calculate approximately),
estimate,noun,B2,tahmin,,zelfstandig naamwoord — zie ook estimate (werkwoord) (an approximate calculation),
eternal,adjective,C1,ebedi,sonsuz,,
ethic,noun,B2,ahlak ilkesi,etik,,
ethical,adjective,B2,etik,,,
ethnic,adjective,B2,etnik,,,
euro,noun,A1,avro,,,
evacuate,verb,C1,tahliye etmek,,,
evaluate,verb,B2,değerlendirmek,,,
evaluation,noun,B2,değerlendirme,,,
even,adverb,A1,hatta,,,
evening,noun,A1,akşam,,,
event,noun,A1,etkinlik,olay,,
eventually,adverb,B1,sonunda,,,
ever,adverb,A1,hiç,,,
every,determiner,A1,her,,,
everybody,pronoun,A1,herkes,,,
everyday,adjective,A2,günlük (sıradan),,,
everyone,pronoun,A1,herkes,,,
everything,pronoun,A1,her şey,,,
everywhere,adverb,A2,her yerde,,,
evidence,noun,A2,kanıt,,,
evident,adjective,B2,açık,belirgin,,
evil,adjective,B2,kötü (şeytani),,,
evoke,verb,C1,çağrıştırmak,uyandırmak,,
evolution,noun,B2,evrim,gelişim,,
evolutionary,adjective,C1,evrimsel,,,
evolve,verb,B2,evrilmek,gelişmek,,
exact,adjective,A2,tam,kesin,,
exactly,adverb,A2,tam olarak,,,
exaggerate,verb,C1,abartmak,,,
exam,noun,A1,sınav,,,
examination,noun,B2,sınav,muayene,,
examine,verb,B1,incelemek,muayene etmek,,
example,noun,A1,örnek,,,
exceed,verb,B2,aşmak,,,
excellence,noun,C1,mükemmellik,üstünlük,,
excellent,adjective,A2,mükemmel,,,
except,preposition,A2,hariç,,,
exception,noun,B2,istisna,,,
exceptional,adjective,C1,olağanüstü,istisnai,,
excess,noun,C1,fazlalık,,zelfstandig naamwoord — zie ook excess (bijvoeglijk) (an amount beyond what's needed),
excess,adjective,C1,fazla,,bijvoeglijk naamwoord — zie ook excess (zelfstandig) (more than needed),
excessive,adjective,B2,aşırı,,,
exchange,noun,B1,değişim (takas),,"zelfstandig naamwoord — zie ook exchange (werkwoord) (a trade, swap)",
exchange,verb,B1,değiş tokuş etmek,,"werkwoord — zie ook exchange (zelfstandig naamwoord) (to trade, swap)",
excited,adjective,A1,heyecanlı,,,
excitement,noun,B1,heyecan,,,
exciting,adjective,A1,heyecan verici,,,
exclude,verb,B2,hariç tutmak,dışlamak,,
exclusion,noun,C1,dışlama,hariç tutma,,
exclusive,adjective,C1,özel,münhasır,,
exclusively,adverb,C1,yalnızca,münhasıran,,
excuse,noun,B2,bahane,mazeret,zelfstandig naamwoord — zie ook excuse (werkwoord) (a reason given to explain a fault),
excuse,verb,B2,affetmek (mazur görmek),,"werkwoord — zie ook excuse (zelfstandig naamwoord) (to forgive, or to release from an obligation)",
execute,verb,C1,yürütmek,idam etmek,"taak uitvoeren, of executeren (doodstraf)",
execution,noun,C1,uygulama,idam,"het uitvoeren (van een taak), of executie",
executive,noun,B2,yönetici (üst düzey),,,
exercise,noun,A1,egzersiz,,"zelfstandig naamwoord — zie ook exercise (werkwoord) (physical activity, or a practice task)",
exercise,verb,A1,egzersiz yapmak,,werkwoord — zie ook exercise (zelfstandig naamwoord) (to do physical activity),
exert,verb,C1,uygulamak,sarf etmek,,
exhibit,verb,B2,sergilemek,,werkwoord — zie ook exhibit (zelfstandig naamwoord) (to display publicly),
exhibit,noun,B2,sergi öğesi,,zelfstandig naamwoord — zie ook exhibit (werkwoord) (an item on public display),
exhibition,noun,B1,sergi,,,
exile,noun,C1,sürgün,,,
exist,verb,A2,var olmak,,,
existence,noun,B2,varlık (var olma),,,
exit,noun,B1,çıkış,,zelfstandig naamwoord — zie ook exit (werkwoord) (a way out),
exit,verb,B2,çıkmak,,"werkwoord — zie ook exit (zelfstandig naamwoord) (to leave, go out)",
exotic,adjective,B2,egzotik,,,
expand,verb,B1,genişletmek,,,
expansion,noun,B2,genişleme,,,
expect,verb,A2,beklemek,,,
expectation,noun,B2,beklenti,,,
expected,adjective,B1,beklenen,,,
expedition,noun,B2,keşif gezisi,sefer,,
expenditure,noun,C1,harcama,,,
expense,noun,B2,masraf,,,
expensive,adjective,A1,pahalı,,,
experience,noun,A2,deneyim,,zelfstandig naamwoord — zie ook experience (werkwoord) (something lived through),
experience,verb,B1,deneyimlemek,,werkwoord — zie ook experience (zelfstandig naamwoord) (to live through),
experienced,adjective,B1,deneyimli,,,
experiment,noun,A2,deney,,zelfstandig naamwoord — zie ook experiment (werkwoord) (a scientific test),
experiment,verb,B1,deney yapmak,,werkwoord — zie ook experiment (zelfstandig naamwoord) (to test scientifically),
experimental,adjective,C1,deneysel,,,
expert,noun,A2,uzman,,,
expertise,noun,B2,uzmanlık,,,
expire,verb,C1,süresi dolmak,,,
explain,verb,A1,açıklamak,,,
explanation,noun,A2,açıklama,,,
explicit,adjective,C1,açık,net,,
explicitly,adverb,C1,açıkça,,,
explode,verb,B1,patlamak,,,
exploit,verb,B2,sömürmek,değerlendirmek,"misbruiken, of (een kans) benutten",
exploitation,noun,C1,sömürü,,,
exploration,noun,B2,keşif,,,
explore,verb,B1,keşfetmek,,,
explosion,noun,B1,patlama,,,
explosive,adjective,C1,patlayıcı,,bijvoeglijk naamwoord — zie ook explosive (zelfstandig) (able to explode),
explosive,noun,C1,patlayıcı madde,,zelfstandig naamwoord — zie ook explosive (bijvoeglijk) (a substance that can explode),
export,noun,B1,ihracat,,zelfstandig naamwoord — zie ook export (werkwoord) (a good sold abroad),
export,verb,B1,ihraç etmek,,werkwoord — zie ook export (zelfstandig naamwoord) (to sell/send abroad),
expose,verb,B2,maruz bırakmak,ifşa etmek,,
exposure,noun,B2,maruz kalma,teşhir,,
express,verb,A2,ifade etmek,,,
expression,noun,A2,ifade,,,
extend,verb,B2,uzatmak,genişletmek,,
extension,noun,B2,uzatma,dahili hat,,
extensive,adjective,B2,kapsamlı,geniş,,
extensively,adverb,B2,kapsamlı bir şekilde,,,
extent,noun,B2,kapsam (derece),,,
external,adjective,B2,dış (harici),,,
extra,adjective,A1,ekstra,fazladan,,
extract,noun,B2,alıntı,,zelfstandig naamwoord — zie ook extract (werkwoord) (a short passage taken from a text),
extract,verb,C1,çıkarmak,,werkwoord — zie ook extract (zelfstandig naamwoord) (to pull/take out),
extraordinary,adjective,B2,olağanüstü,,,
extreme,adjective,A2,aşırı,,,
extremely,adverb,A2,son derece,,,
extremist,noun,C1,aşırılıkçı,köktenci,,
eye,noun,A1,göz,,,
fabric,noun,B2,kumaş,,,
fabulous,adjective,B2,muhteşem,harika,,
face,noun,A1,yüz,,zelfstandig naamwoord — zie ook face (werkwoord) (the front of the head),
face,verb,B1,yüzleşmek,,"werkwoord — zie ook face (zelfstandig naamwoord) (to confront, deal with)",
facilitate,verb,C1,kolaylaştırmak,,,
facility,noun,B2,tesis,olanak,,
fact,noun,A1,gerçek (olgu),,,
faction,noun,C1,hizip,grup,,
factor,noun,A2,etken,faktör,,
factory,noun,A2,fabrika,,,
faculty,noun,B2,fakülte,,zelfstandig naamwoord (universiteitsafdeling) — zie ook faculty (vermogen),
faculty,noun,C1,yetenek,,"zelfstandig naamwoord (geestelijk vermogen, bv. ""his faculties"") — zie ook faculty (universiteit)",
fade,verb,C1,solmak,yavaş yavaş kaybolmak,,
fail,verb,A2,başarısız olmak,,,
failed,adjective,B2,başarısız,,,
failure,noun,B2,başarısızlık,,,
fair,adjective,A2,adil,,,
fairly,adverb,B1,oldukça,adil bir şekilde,,
fairness,noun,C1,adalet,dürüstlük,,
faith,noun,B2,inanç,güven,,
fake,adjective,B2,sahte,,,
fall,verb,A1,düşmek,,werkwoord — zie ook fall (zelfstandig naamwoord) (to drop down),
fall,noun,A1,sonbahar,,"zelfstandig naamwoord (het jaargetijde herfst, Am. Engels) — zie ook fall (val) (autumn)",
fall,noun,B1,düşüş,,zelfstandig naamwoord (een val/daling) — zie ook fall (herfst) (autumn),
false,adjective,A1,yanlış,sahte,,
fame,noun,B2,şöhret,ün,,
familiar,adjective,B1,tanıdık,aşina,,
family,noun,A1,aile,,,
famous,adjective,A1,ünlü,,,
fan,noun,A2,hayran,,zelfstandig naamwoord (bewonderaar) — zie ook fan (ventilator),
fan,noun,B1,vantilatör,,zelfstandig naamwoord (elektrische ventilator) — zie ook fan (bewonderaar),
fancy,adjective,B1,şık (gösterişli),,,
fantastic,adjective,A1,harika,,,
fantasy,noun,B2,fantezi,hayal,,
far,adverb,A1,uzak,,,
fare,noun,B2,ücret (yolculuk),bilet ücreti,,
farm,noun,A1,çiftlik,,zelfstandig naamwoord — zie ook farm (werkwoord) (land used for growing crops/raising animals),
farm,verb,A2,çiftçilik yapmak,,werkwoord — zie ook farm (zelfstandig naamwoord) (to grow crops/raise animals),
farmer,noun,A1,çiftçi,,,
farming,noun,A2,çiftçilik,,,
fascinating,adjective,B1,büyüleyici,,,
fashion,noun,A2,moda,,,
fashionable,adjective,B1,modaya uygun,,,
fast,adjective,A1,hızlı,,,
fasten,verb,B1,bağlamak (kemer vb.),,,
fat,adjective,A1,şişman,,bijvoeglijk naamwoord — zie ook fat (zelfstandig) (having a lot of body fat),
fat,noun,A2,yağ,,zelfstandig naamwoord — zie ook fat (bijvoeglijk) (the greasy substance in food/bodies),
fatal,adjective,C1,ölümcül,,,
fate,noun,C1,kader,alın yazısı,,
father,noun,A1,baba,,,
fault,noun,B2,kusur,suç (hata),,
favor,noun,B1,iyilik,,zelfstandig naamwoord — zie ook favor (werkwoord) (a kind act),
favor,verb,B2,tercih etmek,kayırmak,werkwoord — zie ook favor (zelfstandig naamwoord) (to prefer),
favorable,adjective,C1,olumlu,elverişli,,
favorite,adjective,A1,favori,,,
fear,noun,A2,korku,,zelfstandig naamwoord — zie ook fear (werkwoord) (a feeling of being afraid),
fear,verb,B1,korkmak,,werkwoord — zie ook fear (zelfstandig naamwoord) (to be afraid of),
feat,noun,C1,başarı,marifet,,
feather,noun,B2,tüy (kuş),,,
feature,noun,A2,özellik,,zelfstandig naamwoord — zie ook feature (werkwoord) (a distinctive part or quality),
feature,verb,B1,yer vermek (öne çıkarmak),,werkwoord — zie ook feature (zelfstandig naamwoord) (to include prominently),
federal,adjective,B1,federal,,,
fee,noun,B2,ücret,,,
feed,verb,A2,beslemek,,werkwoord — zie ook feed (zelfstandig naamwoord) (to give food to),
feed,noun,B2,yem,,zelfstandig naamwoord (dierenvoer) — zie ook feed (gegevensstroom) (animal food),
feed,noun,B2,akış,,"zelfstandig naamwoord (gegevens-/nieuwsstroom, bv. ""news feed"") — zie ook feed (dierenvoer) (animal food)",
feedback,noun,B2,geri bildirim,,,
feel,verb,A1,hissetmek,,"werkwoord — zie ook feel (zelfstandig naamwoord) (to sense, experience emotionally/physically)",
feel,noun,B2,his (doku),,"zelfstandig naamwoord — zie ook feel (werkwoord) (the texture, atmosphere of something)",
feeling,noun,A1,duygu,,,
fellow,adjective,B2,aynı gruptan,,,
felony,noun,C1,ağır suç,,,
female,adjective,A2,dişi,kadın,,
feminist,adjective,C1,feminist,,,
fence,noun,B1,çit,,,
festival,noun,A1,festival,,,
fever,noun,A2,ateş (hastalık),,,
few,determiner,A1,az sayıda,,,
fiber,noun,C1,lif,,,
fiction,noun,A2,kurgu (edebiyat),,,
field,noun,A2,tarla,,zelfstandig naamwoord (landbouwveld) — zie ook field (vakgebied),
field,noun,B1,alan,,zelfstandig naamwoord (vakgebied/domein) — zie ook field (landbouwveld),
fierce,adjective,C1,şiddetli,vahşi,,
fifteen,number,A1,on beş,,,
fifth,number,A1,beşinci,,,
fifty,number,A1,elli,,,
fight,verb,A2,kavga etmek,savaşmak,werkwoord — zie ook fight (zelfstandig naamwoord) (to struggle physically or verbally),
fight,noun,A2,kavga,,zelfstandig naamwoord — zie ook fight (werkwoord) (a physical struggle),
fighting,noun,B1,kavga (çatışma),,,
figure,verb,B2,düşünmek (anlamak),,"werkwoord — zie ook figure (zelfstandig naamwoord) (to work out, think)",
figure,noun,A2,rakam,,"zelfstandig naamwoord (getal) — zie ook figure (vorm) (a number, or a shape/person)",
figure,noun,A2,şekil,,"zelfstandig naamwoord (vorm/gedaante, bv. lichaamsfiguur) — zie ook figure (getal) (a number, or a shape/person)",
file,noun,B1,dosya,,zelfstandig naamwoord — zie ook file (werkwoord) (a folder of documents/data),
file,verb,B2,dosyalamak,,werkwoord — zie ook file (zelfstandig naamwoord) (to store documents/data),
fill,verb,A1,doldurmak,,,
film,noun,A2,film,,zelfstandig naamwoord — zie ook film (werkwoord) (a movie),
film,verb,A2,filme çekmek,,werkwoord — zie ook film (zelfstandig naamwoord) (to record with a camera),
filmmaker,noun,C1,film yapımcısı,yönetmen,,
filter,noun,C1,filtre,,zelfstandig naamwoord — zie ook filter (werkwoord) (a device that removes unwanted parts),
filter,verb,C1,filtrelemek,,werkwoord — zie ook filter (zelfstandig naamwoord) (to remove unwanted parts from),
final,adjective,A1,son,,"bijvoeglijk naamwoord — zie ook final (zelfstandig) (last, coming at the end)",
final,noun,A2,final (maç),,zelfstandig naamwoord — zie ook final (bijvoeglijk) (the last match of a competition),
finally,adverb,A2,sonunda,,,
finance,noun,B2,finans,,zelfstandig naamwoord — zie ook finance (werkwoord) (money management),
finance,verb,B2,finanse etmek,,werkwoord — zie ook finance (zelfstandig naamwoord) (to provide money for),
financial,adjective,B1,mali (finansal),,,
find,verb,A1,bulmak,,,
finding,noun,B2,bulgu,,,
fine,noun,C1,para cezası,,zelfstandig naamwoord — zie ook fine (werkwoord) (money paid as a penalty),
fine,verb,C1,para cezası kesmek,,werkwoord — zie ook fine (zelfstandig naamwoord) (to make pay money as a penalty),
fine,adjective,A1,iyi,,"bijvoeglijk naamwoord (goed, bv. ""I'm fine"") — zie ook fine (fijn) (good, satisfactory)",
fine,adjective,B1,ince,,"bijvoeglijk naamwoord (fijn/dun, bv. ""fine print""/fijn zand) — zie ook fine (goed) (good, satisfactory)",
finger,noun,A2,parmak,,,
finish,verb,A1,bitirmek,,,
fire,verb,A2,kovmak,,"werkwoord (ontslaan) — zie ook fire (met wapen schieten) (to dismiss from a job, or shoot a weapon)",
fire,verb,B1,ateş etmek,,"werkwoord (met een wapen schieten) — zie ook fire (ontslaan) (to dismiss from a job, or shoot a weapon)",
fire,noun,A1,ateş,,"zelfstandig naamwoord (het element vuur, bv. kampvuur) — zie ook fire (verwoestende brand) (flames, burning)",
fire,noun,B1,yangın,,"zelfstandig naamwoord (verwoestende brand) — zie ook fire (element vuur) (flames, burning)",
firearm,noun,C1,ateşli silah,,,
firefighter,noun,B2,itfaiyeci,,,
firework,noun,B2,havai fişek,,,
firm,adjective,B2,sağlam,kararlı,"(solid, steady)",
firm,noun,B2,firma,,(a company),
firmly,adverb,B2,sıkıca,kararlılıkla,,
first,number,A1,birinci,ilk,,
fiscal,adjective,C1,mali,,,
fish,noun,A1,balık,,zelfstandig naamwoord — zie ook fish (werkwoord) (the animal),
fish,verb,A2,balık tutmak,,werkwoord — zie ook fish (zelfstandig naamwoord) (to try to catch fish),
fishing,noun,A2,balıkçılık,,,
fit,verb,A2,uymak (bedene),,werkwoord — zie ook fit (bijvoeglijk) (to be the right size/shape for),
fit,noun,C1,uyum,,zelfstandig naamwoord (het passen/de match) — zie ook fit (aanval) (how well something matches in size/shape),
fit,noun,C1,nöbet,,zelfstandig naamwoord (medische aanval/stuip) — zie ook fit (het passen) (how well something matches in size/shape),
fit,adjective,A2,formda,,bijvoeglijk naamwoord (lichamelijk fit) — zie ook fit (geschikt) (physically healthy),
fit,adjective,B1,uygun,,"bijvoeglijk naamwoord (geschikt/passend, bv. ""fit for purpose"") — zie ook fit (lichamelijk fit) (physically healthy)",
fitness,noun,B1,fitness,zindelik,,
five,number,A1,beş,,,
fix,verb,A2,tamir etmek,,werkwoord — zie ook fix (zelfstandig naamwoord) (to repair),
fix,noun,B2,çözüm (tamir),,zelfstandig naamwoord — zie ook fix (werkwoord) (a solution to a problem),
fixed,adjective,B1,sabit,,,
flag,noun,B1,bayrak,,,
flame,noun,B2,alev,,,
flash,noun,B2,flaş,,zelfstandig naamwoord — zie ook flash (werkwoord) (a sudden brief burst of light),
flash,verb,B2,parlamak (ışık),,werkwoord — zie ook flash (zelfstandig naamwoord) (to shine briefly and suddenly),
flat,adjective,A2,düz,,,
flavor,noun,B2,tat,lezzet,,
flaw,noun,C1,kusur,,,
flawed,adjective,C1,kusurlu,,,
flee,verb,C1,kaçmak,,,
fleet,noun,C1,filo,,,
flesh,noun,C1,et (beden),,,
flexibility,noun,C1,esneklik,,,
flexible,adjective,B2,esnek,,,
flight,noun,A1,uçuş,,,
float,verb,B2,yüzmek (suda batmamak),,,
flood,noun,B1,sel,,zelfstandig naamwoord — zie ook flood (werkwoord) (an overflow of water),
flood,verb,B1,su basmak,,werkwoord — zie ook flood (zelfstandig naamwoord) (to overflow with water),
floor,noun,A1,zemin,,zelfstandig naamwoord (vloeroppervlak) — zie ook floor (verdieping),
floor,noun,B1,kat,,zelfstandig naamwoord (verdieping van een gebouw) — zie ook floor (vloeroppervlak),
flour,noun,B1,un,,,
flourish,verb,C1,gelişmek,serpilmek,,
flow,verb,B1,akmak,,werkwoord — zie ook flow (zelfstandig naamwoord) (to move steadily and continuously),
flow,noun,B1,akış,,zelfstandig naamwoord — zie ook flow (werkwoord) (a steady continuous movement),
flower,noun,A1,çiçek,,,
flu,noun,A2,grip,,,
fluid,noun,C1,sıvı,,,
fly,verb,A1,uçmak,,werkwoord — zie ook fly (zelfstandig naamwoord) (to move through the air),
fly,noun,A2,sinek,,zelfstandig naamwoord — zie ook fly (werkwoord) (the insect),
flying,adjective,A2,uçan,,,
focus,verb,A2,odaklanmak,,werkwoord — zie ook focus (zelfstandig naamwoord) (to concentrate attention on),
focus,noun,A2,odak,,zelfstandig naamwoord — zie ook focus (werkwoord) (the main point of attention),
fold,verb,B1,katlamak,,werkwoord — zie ook fold (zelfstandig naamwoord) (to bend part of something over itself),
fold,noun,B2,kıvrım (katlanmış kısım),,"zelfstandig naamwoord — zie ook fold (werkwoord) (a crease, a folded part)",
folding,adjective,B2,katlanır,,,
folk,noun,B1,halk,,,
follow,verb,A1,takip etmek,,,
following,adjective,A2,aşağıdaki (sonraki),,,
fond,adjective,B2,düşkün,meraklı,,
food,noun,A1,yiyecek,,,
fool,noun,B2,aptal,budala,,informeel — kan als belediging worden opgevat
foot,noun,A1,ayak,,,
footage,noun,C1,görüntü (video),kayıt,,
football,noun,A1,futbol,,,
for,preposition,A1,için,,,
forbid,verb,B2,yasaklamak,,,
force,noun,B1,güç,kuvvet,"zelfstandig naamwoord — zie ook force (werkwoord) (power, strength)",
force,verb,B1,zorlamak,,werkwoord — zie ook force (zelfstandig naamwoord) (to make someone do something against their will),
forecast,noun,B2,tahmin,,"zelfstandig naamwoord — zie ook forecast (werkwoord) (a prediction, especially of weather)",
forecast,verb,B2,tahmin etmek,,"werkwoord — zie ook forecast (zelfstandig naamwoord) (to predict, especially weather)",
foreign,adjective,A2,yabancı,,,
foreigner,noun,C1,yabancı,,,
forest,noun,A2,orman,,,
forever,adverb,B1,sonsuza dek,,,
forge,verb,C1,sahte yapmak,şekillendirmek,"vervalsen, of vormgeven/smeden",
forget,verb,A1,unutmak,,,
forgive,verb,B2,affetmek,,,
fork,noun,A2,çatal,,,
form,verb,A1,oluşturmak,,"werkwoord — zie ook form (zelfstandig naamwoord) (to create, come into being)",
form,noun,A1,form,,"zelfstandig naamwoord (in te vullen document) — zie ook form (vorm) (a shape, or a document to fill in)",
form,noun,A1,şekil,,"zelfstandig naamwoord (vorm/gedaante) — zie ook form (document) (a shape, or a document to fill in)",
formal,adjective,A2,resmi,,,
format,noun,B2,biçim,format,,
formation,noun,B2,oluşum,düzen,,
former,adjective,B2,eski (önceki),,,
formerly,adverb,B2,eskiden,,,
formula,noun,C1,formül,,,
formulate,verb,C1,formüle etmek,ifade etmek,,
forth,adverb,C1,ileri,,,
forthcoming,adjective,C1,yaklaşan,,"bijvoeglijk naamwoord (aanstaand, bv. een aankomend evenement) — zie ook forthcoming (openhartig)",
forthcoming,adjective,C1,içten,,"bijvoeglijk naamwoord (openhartig/mededeelzaam, over een persoon) — zie ook forthcoming (aanstaand)",
fortunate,adjective,B2,şanslı,talihli,,
fortunately,adverb,A2,neyse ki,,,
fortune,noun,B2,servet,,zelfstandig naamwoord (rijkdom) — zie ook fortune (lot/geluk),
fortune,noun,C1,talih,,zelfstandig naamwoord (lot/geluk) — zie ook fortune (rijkdom),
forty,number,A1,kırk,,,
forum,noun,B2,forum,,,
forward,adverb,A2,ileri,,,
fossil,noun,B2,fosil,,,
foster,verb,C1,teşvik etmek,geliştirmek,,
found,verb,B2,kurmak (tesis etmek),,,
foundation,noun,B2,temel,,zelfstandig naamwoord (fundament/basis) — zie ook foundation (stichting),
foundation,noun,C1,vakıf,,zelfstandig naamwoord (liefdadigheidsstichting) — zie ook foundation (fundament),
founder,noun,B2,kurucu,,,
four,number,A1,dört,,,
fourteen,number,A1,on dört,,,
fourth,number,A1,dördüncü,,,
fraction,noun,B2,kesir,küçük bir kısım,,
fragile,adjective,C1,kırılgan,narin,,
fragment,noun,B2,parça,kırıntı,,
frame,noun,B1,çerçeve,,zelfstandig naamwoord — zie ook frame (werkwoord) (a border/support structure),
frame,verb,B1,çerçevelemek,,werkwoord — zie ook frame (zelfstandig naamwoord) (to put a border/support around),
framework,noun,B2,çerçeve,,,
franchise,noun,C1,bayilik,imtiyaz,,
frankly,adverb,C1,açıkçası,,,
fraud,noun,B2,dolandırıcılık,sahtekârlık,,
free,adjective,A1,ücretsiz,özgür,,
freedom,noun,B2,özgürlük,,,
freely,adverb,B2,özgürce,serbestçe,,
freeze,verb,B1,dondurmak,donmak,,
frequency,noun,B2,sıklık,frekans,,
frequent,adjective,B2,sık,,,
frequently,adverb,B1,sık sık,,,
fresh,adjective,A2,taze,,,
freshman,noun,C1,birinci sınıf öğrencisi,,,
friend,noun,A1,arkadaş,,,
friendly,adjective,A1,dostane,,,
friendship,noun,B1,arkadaşlık,,,
frighten,verb,B1,korkutmak,,,
frightened,adjective,B1,korkmuş,,,
frightening,adjective,B1,korkutucu,,,
frog,noun,A2,kurbağa,,,
from,preposition,A1,-den,,,
front,noun,A1,ön,,,
frozen,adjective,B1,donmuş,,,
fruit,noun,A1,meyve,,,
frustrated,adjective,C1,hayal kırıklığına uğramış,,,
frustrating,adjective,C1,sinir bozucu,,,
frustration,noun,C1,hayal kırıklığı,,,
fry,verb,B1,kızartmak,,,
fuel,noun,B1,yakıt,,zelfstandig naamwoord — zie ook fuel (werkwoord) (material burned for energy),
fuel,verb,B2,yakıt sağlamak,,werkwoord — zie ook fuel (zelfstandig naamwoord) (to supply with fuel),
fulfill,verb,B2,yerine getirmek,gerçekleştirmek,,
full,adjective,A1,dolu,,,
full-time,adjective,B2,tam zamanlı,,,
fully,adverb,B2,tamamen,,,
fun,noun,A1,eğlence,,zelfstandig naamwoord — zie ook fun (bijvoeglijk) (enjoyment),
fun,adjective,A2,eğlenceli,,bijvoeglijk naamwoord — zie ook fun (zelfstandig) (enjoyable),
function,noun,B1,işlev,fonksiyon,"zelfstandig naamwoord — zie ook function (werkwoord) (a purpose, role)",
function,verb,B2,işlev görmek,,"werkwoord — zie ook function (zelfstandig naamwoord) (to work, operate)",
functional,adjective,C1,işlevsel,,,
fund,noun,B2,fon,,zelfstandig naamwoord — zie ook fund (werkwoord) (a sum of money set aside),
fund,verb,B2,finanse etmek,,werkwoord — zie ook fund (zelfstandig naamwoord) (to provide money for),
fundamental,adjective,B2,temel,,,
fundamentally,adverb,B2,temelde,,,
funding,noun,B2,finansman,,,
fundraising,noun,C1,bağış toplama,,,
funeral,noun,C1,cenaze,,,
funny,adjective,A1,komik,,,
fur,noun,B1,kürk,,,
furious,adjective,B2,çok öfkeli,kızgın,,
furniture,noun,A2,mobilya,,,
further,adjective,A2,daha fazla (ileri),,,
furthermore,adverb,B2,ayrıca (dahası),,,
future,noun,A1,gelecek,,,
gain,verb,B2,kazanmak,,"werkwoord — zie ook gain (zelfstandig naamwoord) (to get more of, obtain)",
gain,noun,B2,kazanç,,"zelfstandig naamwoord — zie ook gain (werkwoord) (an increase, profit)",
gallery,noun,A2,galeri,,,
gallon,noun,B2,galon,,"Amerikaans-Engelse maateenheid (~3,79 liter)",
gambling,noun,C1,kumar,,,
game,noun,A1,oyun,,,
gaming,noun,B2,oyun oynama,,zelfstandig naamwoord (het gamen zelf) — zie ook gaming (industrie),
gaming,noun,C1,oyun sektörü,,zelfstandig naamwoord (de gamingindustrie) — zie ook gaming (het gamen),
gang,noun,B2,çete,,,
gap,noun,A2,boşluk,açık (fark),,
garage,noun,B1,garaj,,,
garbage,noun,A2,çöp,,,
garden,noun,A1,bahçe,,,
gas,noun,A2,gaz,,zelfstandig naamwoord (de stof/aggregatietoestand) — zie ook gas (benzine),
gas,noun,B1,benzin,,"zelfstandig naamwoord (benzine, Am. Engels) — zie ook gas (de stof)",
gate,noun,A2,kapı (bahçe/havalimanı),,,
gather,verb,B1,toplanmak,toplamak,,
gathering,noun,C1,toplantı,toplanma,,
gay,adjective,B2,eşcinsel,,,
gaze,noun,C1,bakış,,zelfstandig naamwoord — zie ook gaze (werkwoord) (a long steady look),
gaze,verb,C1,gözünü dikip bakmak,,werkwoord — zie ook gaze (zelfstandig naamwoord) (to look steadily for a long time),
gear,noun,C1,donanım,,zelfstandig naamwoord (uitrusting/spullen) — zie ook gear (versnelling),
gear,noun,C1,vites,,zelfstandig naamwoord (versnelling van een auto) — zie ook gear (uitrusting),
gender,noun,B2,cinsiyet,toplumsal cinsiyet,,
gene,noun,B2,gen,,,
general,adjective,A2,genel,,,
generally,adverb,B1,genellikle,,,
generate,verb,B2,üretmek (oluşturmak),,,
generation,noun,B1,nesil,,,
generic,adjective,C1,jenerik,genel,,
generous,adjective,B1,cömert,,,
genetic,adjective,B2,genetik,,,
genius,noun,B2,deha,dahi,,
genocide,noun,C1,soykırım,,,
genre,noun,B2,tür (edebiyat/müzik),,,
gentle,adjective,B1,nazik,yumuşak,,
gentleman,noun,B1,beyefendi,,,
genuine,adjective,B2,gerçek,hakiki,,
genuinely,adverb,B2,gerçekten,içtenlikle,,
geography,noun,A1,coğrafya,,,
gesture,noun,B2,jest,el kol hareketi,,
get,verb,A1,almak (elde etmek),,,
ghost,noun,B1,hayalet,,,
giant,adjective,B1,dev,,bijvoeglijk naamwoord — zie ook giant (zelfstandig) (huge),
giant,noun,B1,dev (varlık),,zelfstandig naamwoord — zie ook giant (bijvoeglijk) (a huge legendary being),
gift,noun,A2,hediye,,,
gig,noun,C1,konser,,zelfstandig naamwoord (concert/optreden) — zie ook gig (los baantje),
gig,noun,C1,geçici iş,,"zelfstandig naamwoord (tijdelijk baantje, gig economy) — zie ook gig (concert)",
girl,noun,A1,kız,,,
girlfriend,noun,A1,kız arkadaş,,,
give,verb,A1,vermek,,,
glad,adjective,B1,memnun,,,
glance,noun,C1,bakış,,zelfstandig naamwoord — zie ook glance (werkwoord) (a quick look),
glance,verb,C1,göz atmak,,werkwoord — zie ook glance (zelfstandig naamwoord) (to look quickly),
glass,noun,A1,cam,,zelfstandig naamwoord (het materiaal glas) — zie ook glass (drinkglas),
glass,noun,A1,bardak,,zelfstandig naamwoord (een drinkglas) — zie ook glass (het materiaal),
glimpse,noun,C1,göz ucuyla bakış,kısa bakış,,
global,adjective,B1,küresel,,,
globalization,noun,B2,küreselleşme,,,
globe,noun,B2,küre,dünya,,
glorious,adjective,C1,muhteşem,görkemli,,
glory,noun,C1,zafer,şan,,
glove,noun,B1,eldiven,,,
go,verb,A1,gitmek,,werkwoord — zie ook go (zelfstandig naamwoord) (to move from one place to another),
go,noun,B1,deneme (sıra),,"zelfstandig naamwoord — zie ook go (werkwoord) (a turn, an attempt)",
goal,noun,A2,hedef,,zelfstandig naamwoord (doelstelling) — zie ook goal (sportdoelpunt),
goal,noun,B1,gol,,"zelfstandig naamwoord (doelpunt, bv. bij voetbal) — zie ook goal (doelstelling)",
god,noun,A2,tanrı,,,
gold,noun,A2,altın,,,
golden,adjective,B2,altın,altın rengi,,
golf,noun,A2,golf,,,
good,adjective,A1,iyi,,"bijvoeglijk naamwoord — zie ook good (zelfstandig) (of high quality, pleasant)",
good,noun,A2,fayda (iyilik),,"zelfstandig naamwoord — zie ook good (bijvoeglijk) (benefit, moral rightness)",
goodbye,exclamation,A1,hoşça kal,,,
goodness,noun,B2,iyilik,,,
goods,noun,B2,mal (ürünler),,,
gorgeous,adjective,B2,muhteşem,çok güzel,,
govern,verb,B2,yönetmek (hükümet olarak),,,
governance,noun,C1,yönetişim,yönetim,,
government,noun,A2,hükümet,,,
governor,noun,B2,vali,,,
grab,verb,B2,kapmak,,,
grace,noun,C1,zarafet,lütuf,,
grade,verb,B2,not vermek,,werkwoord — zie ook grade (zelfstandig naamwoord) (to give a mark to schoolwork),
grade,noun,B1,not,,"zelfstandig naamwoord (cijfer/beoordeling) — zie ook grade (leerjaar) (a mark for schoolwork, or a level of quality)",
grade,noun,B1,sınıf,,"zelfstandig naamwoord (leerjaar op school, bv. ""5th grade"") — zie ook grade (cijfer) (a mark for schoolwork, or a level of quality)",
gradually,adverb,B2,yavaş yavaş,,,
graduate,noun,B1,mezun,,zelfstandig naamwoord — zie ook graduate (werkwoord) (someone who finished a degree),
graduate,verb,B1,mezun olmak,,werkwoord — zie ook graduate (zelfstandig naamwoord) (to complete a degree),
grain,noun,B1,tahıl,,zelfstandig naamwoord (graan/graangewas) — zie ook grain (korrel),
grain,noun,B2,tane,,zelfstandig naamwoord (een enkele korrel/deeltje) — zie ook grain (graan),
grand,adjective,B2,görkemli,büyük,,
grandfather,noun,A1,büyükbaba,,,
grandmother,noun,A1,büyükanne,,,
grandparent,noun,A1,büyükanne/büyükbaba,,,
grant,verb,B2,vermek (bahşetmek),,"werkwoord — zie ook grant (zelfstandig naamwoord) (to formally give, allow)",
grant,noun,B2,hibe (burs),,zelfstandig naamwoord — zie ook grant (werkwoord) (a sum of money given for a purpose),
graphic,adjective,B2,grafik,,bijvoeglijk naamwoord (met betrekking tot grafisch ontwerp) — zie ook graphic (schokkend),
graphic,adjective,C1,çarpıcı,,"bijvoeglijk naamwoord (schokkend/expliciet gedetailleerd, bv. graphic violence) — zie ook graphic (grafisch)",
graphics,noun,B2,grafikler,,,
grasp,verb,C1,kavramak,sıkıca tutmak,"werkwoord — zie ook grasp (zelfstandig naamwoord) (to hold firmly, or to understand)",
grasp,noun,C1,kavrayış,,"zelfstandig naamwoord — zie ook grasp (werkwoord) (a firm hold, or understanding)",
grass,noun,A2,çim,ot,,
grateful,adjective,B1,minnettar,,,
grave,noun,C1,mezar,,zelfstandig naamwoord — zie ook grave (bijvoeglijk) (a place where a body is buried),
grave,adjective,C1,ciddi,vahim,"bijvoeglijk naamwoord — zie ook grave (zelfstandig, mezar) (very serious)",
gravity,noun,C1,yer çekimi,,zelfstandig naamwoord (natuurkundige zwaartekracht) — zie ook gravity (ernst),
gravity,noun,C1,ciddiyet,,zelfstandig naamwoord (ernst van een situatie) — zie ook gravity (zwaartekracht),
gray,adjective,A1,gri,,,
great,adjective,A1,harika,büyük,,
greatly,adverb,B2,büyük ölçüde,,,
green,adjective,A1,yeşil,,,
greenhouse,noun,B2,sera,,,
greet,verb,A2,selamlamak,,,
grid,noun,C1,şebeke,,"zelfstandig naamwoord (netwerk, bv. elektriciteitsnet) — zie ook grid (raster)",
grid,noun,C1,ızgara,,zelfstandig naamwoord (fysiek rasterpatroon) — zie ook grid (netwerk),
grief,noun,C1,keder,yas,,
grin,verb,C1,sırıtmak,,werkwoord — zie ook grin (zelfstandig naamwoord) (to smile widely),
grin,noun,C1,sırıtış,,zelfstandig naamwoord — zie ook grin (werkwoord) (a wide smile),
grind,verb,C1,öğütmek,,,
grip,noun,C1,kavrama,tutuş,zelfstandig naamwoord — zie ook grip (werkwoord) (a tight hold),
grip,verb,C1,sıkıca tutmak,,werkwoord — zie ook grip (zelfstandig naamwoord) (to hold tightly),
grocery,noun,A2,bakkaliye,,,
gross,adjective,C1,brüt,,"bijvoeglijk naamwoord (bruto, bv. brutoloon) — zie ook gross (walgelijk)",
gross,adjective,C1,iğrenç,,bijvoeglijk naamwoord (walgelijk) — zie ook gross (bruto),
ground,noun,A2,zemin,yer,,
group,noun,A1,grup,,,
grow,verb,A1,büyümek,yetiştirmek,,
growth,noun,B1,büyüme,,,
guarantee,verb,B2,garanti etmek,,werkwoord — zie ook guarantee (zelfstandig naamwoord) (to firmly promise),
guarantee,noun,B2,garanti,,zelfstandig naamwoord — zie ook guarantee (werkwoord) (a firm promise),
guard,noun,B1,bekçi,muhafız,zelfstandig naamwoord — zie ook guard (werkwoord) (someone who protects),
guard,verb,B1,korumak,,"werkwoord — zie ook guard (zelfstandig naamwoord) (to protect, watch over)",
guerrilla,noun,C1,gerilla,,,
guess,verb,A1,tahmin etmek,,werkwoord — zie ook guess (zelfstandig naamwoord) (to estimate without certain knowledge),
guess,noun,A1,tahmin,,zelfstandig naamwoord — zie ook guess (werkwoord) (an estimate without certain knowledge),
guest,noun,A2,misafir,,,
guidance,noun,C1,rehberlik,,,
guide,noun,A2,rehber,,zelfstandig naamwoord — zie ook guide (werkwoord) (someone/something that shows the way),
guide,verb,A2,rehberlik etmek,,"werkwoord — zie ook guide (zelfstandig naamwoord) (to show the way, direct)",
guideline,noun,B2,kılavuz,yönerge,,
guilt,noun,C1,suçluluk,,,
guilty,adjective,B1,suçlu,,,
guitar,noun,A1,gitar,,,
gun,noun,A2,silah (ateşli),,,
gut,noun,C1,bağırsak,,"zelfstandig naamwoord (darm, letterlijk) — zie ook gut (intuïtie)",
gut,noun,C1,içgüdü,,"zelfstandig naamwoord (buikgevoel/intuïtie, informeel) — zie ook gut (darm)",
guy,noun,A2,adam,herif,,informeel
gym,noun,A1,spor salonu,,,
habit,noun,A2,alışkanlık,,,
habitat,noun,B2,yaşam alanı,habitat,,
hail,verb,C1,selamlamak,dolu yağmak,"begroeten/verwelkomen, of hagelen",
hair,noun,A1,saç,,,
half,noun,A1,yarım,yarı,,
halfway,adverb,C1,yarı yolda,,,
hall,noun,A2,salon,,,
halt,verb,C1,durdurmak,,werkwoord — zie ook halt (zelfstandig naamwoord) (to stop),
halt,noun,C1,durma,,zelfstandig naamwoord — zie ook halt (werkwoord) (a stop),
hand,noun,A1,el,,zelfstandig naamwoord — zie ook hand (werkwoord) (the body part),
hand,verb,B1,uzatmak (vermek),,werkwoord — zie ook hand (zelfstandig naamwoord) (to pass something to someone),
handful,noun,C1,avuç dolusu,az sayıda,,
handle,verb,B2,idare etmek,,"werkwoord — zie ook handle (zelfstandig naamwoord) (to deal with, manage)",
handle,noun,B2,sap (tutamak),,zelfstandig naamwoord — zie ook handle (werkwoord) (the part you hold onto),
handling,noun,C1,idare etme,işleme,,
handy,adjective,C1,kullanışlı,,,
hang,verb,B1,asmak,,,
happen,verb,A1,olmak (gerçekleşmek),,,
happily,adverb,A2,mutlu bir şekilde,,,
happiness,noun,B1,mutluluk,,,
happy,adjective,A1,mutlu,,,
harassment,noun,C1,taciz,,,
harbor,noun,B2,liman,,,
hard,adjective,A1,zor,,bijvoeglijk naamwoord (moeilijk) — zie ook hard (fysiek hard),
hard,adjective,B1,sert,,bijvoeglijk naamwoord (fysiek hard/stevig) — zie ook hard (moeilijk),
hardly,adverb,B1,neredeyse hiç,,,
hardware,noun,C1,donanım,,,
harm,noun,B2,zarar,,"zelfstandig naamwoord — zie ook harm (werkwoord) (damage, injury)",
harm,verb,B2,zarar vermek,,"werkwoord — zie ook harm (zelfstandig naamwoord) (to damage, injure)",
harmful,adjective,B2,zararlı,,,
harmony,noun,C1,uyum,ahenk,,
harsh,adjective,C1,sert,acımasız,,
harvest,noun,C1,hasat,,zelfstandig naamwoord — zie ook harvest (werkwoord) (the gathering of crops),
harvest,verb,C1,hasat etmek,,werkwoord — zie ook harvest (zelfstandig naamwoord) (to gather crops),
hat,noun,A1,şapka,,,
hate,verb,A1,nefret etmek,,werkwoord — zie ook hate (zelfstandig naamwoord) (to dislike strongly),
hate,noun,B1,nefret,,zelfstandig naamwoord — zie ook hate (werkwoord) (strong dislike),
hatred,noun,C1,nefret,,,
haunt,verb,C1,musallat olmak,,,
have,verb,A1,sahip olmak,,,
have to,modal verb,A1,zorunda olmak,,,
hazard,noun,C1,tehlike,risk,,
he,pronoun,A1,o (erkek),,,
head,noun,A1,kafa,,zelfstandig naamwoord — zie ook head (werkwoord) (the top part of the body),
head,verb,B1,yönelmek,,"werkwoord (ergens naartoe gaan) — zie ook head (leiden) (to move toward, or to lead)",
head,verb,B2,yönetmek,,"werkwoord (een organisatie leiden) — zie ook head (ergens naartoe gaan) (to move toward, or to lead)",
headache,noun,A2,baş ağrısı,,,
headline,noun,B1,manşet,,,
headquarters,noun,B2,genel merkez,,,
heal,verb,B2,iyileşmek,iyileştirmek,,
health,noun,A1,sağlık,,,
healthcare,noun,B2,sağlık hizmeti,,,
healthy,adjective,A1,sağlıklı,,,
hear,verb,A1,duymak,,,
hearing,noun,B2,işitme,,"zelfstandig naamwoord (het gehoor, zintuig) — zie ook hearing (rechtszitting)",
hearing,noun,C1,duruşma,,zelfstandig naamwoord (rechtszitting) — zie ook hearing (gehoor),
heart,noun,A2,kalp,,,
heat,noun,A2,sıcaklık,ısı,"zelfstandig naamwoord — zie ook heat (werkwoord) (warmth, high temperature)",
heat,verb,A2,ısıtmak,,werkwoord — zie ook heat (zelfstandig naamwoord) (to make hot),
heating,noun,B1,ısıtma,,,
heaven,noun,B2,cennet,,,
heavily,adverb,B1,ağır bir şekilde,yoğun olarak,,
heavy,adjective,A2,ağır,,,
heel,noun,B2,topuk,,,
height,noun,A2,yükseklik,boy,,
heighten,verb,C1,artırmak,yoğunlaştırmak,,
helicopter,noun,B1,helikopter,,,
hell,noun,B2,cehennem,,,
hello,exclamation,A1,merhaba,,,
helmet,noun,B2,kask,,,
help,verb,A1,yardım etmek,,werkwoord — zie ook help (zelfstandig naamwoord) (to assist),
help,noun,A1,yardım,,zelfstandig naamwoord — zie ook help (werkwoord) (assistance),
helpful,adjective,A2,yardımsever,yararlı,,
hence,adverb,B2,bu nedenle,dolayısıyla,,
her,pronoun,A1,onu (kadın),onun,,
herb,noun,B2,ot,şifalı bitki,,
here,adverb,A1,burada,,,
heritage,noun,C1,miras,,,
hero,noun,A2,kahraman,,,
hers,pronoun,A2,onunki (kadın),,,
herself,pronoun,A2,kendisi (kadın),,,
hesitate,verb,B2,tereddüt etmek,,,
hey,exclamation,A1,hey,,,
hi,exclamation,A1,selam,,,
hidden,adjective,B2,gizli,saklı,,
hide,verb,A2,saklanmak,saklamak,,
hierarchy,noun,C1,hiyerarşi,,,
high,adjective,A1,yüksek,,"bijvoeglijk naamwoord — zie ook high (bijwoord/zelfstandig) (tall, far up)",
high,adverb,A2,yükseğe,,bijwoord — zie ook high (bijvoeglijk/zelfstandig) (to/at a high position),
high-profile,adjective,C1,yüksek profilli,tanınmış,,
highlight,verb,B1,vurgulamak,,werkwoord — zie ook highlight (zelfstandig naamwoord) (to draw attention to),
highlight,noun,B1,öne çıkan nokta,,zelfstandig naamwoord — zie ook highlight (werkwoord) (the best/most notable part),
highly,adverb,B1,son derece,,,
highway,noun,B1,otoyol,,,
hilarious,adjective,B2,çok komik,,,
hill,noun,A2,tepe,,,
him,pronoun,A1,onu (erkek),,,
himself,pronoun,A2,kendisi (erkek),,,
hint,noun,C1,ipucu,,zelfstandig naamwoord — zie ook hint (werkwoord) (a small clue),
hint,verb,C1,ima etmek,,werkwoord — zie ook hint (zelfstandig naamwoord) (to suggest indirectly),
hip,noun,B2,kalça,,,
hire,noun,B2,kiralama,,zelfstandig naamwoord — zie ook hire (werkwoord) (the act of renting/employing),
hire,verb,B1,işe almak,,"werkwoord (iemand aannemen als werknemer) — zie ook hire (huren) (to employ, or to rent)",
hire,verb,B2,kiralamak,,"werkwoord (huren, Brits Engels bv. een auto) — zie ook hire (aannemen) (to employ, or to rent)",
his,determiner,A1,onun (erkek),,,
historian,noun,B2,tarihçi,,,
historic,adjective,B1,tarihi (önemli),,,
historical,adjective,B1,tarihi (geçmişe ait),,,
history,noun,A1,tarih,,,
hit,verb,A2,vurmak,,werkwoord — zie ook hit (zelfstandig naamwoord) (to strike),
hit,noun,A2,vuruş,,"zelfstandig naamwoord (een klap/slag) — zie ook hit (succesnummer) (a strike, or a popular success)",
hit,noun,B1,hit,,"zelfstandig naamwoord (succesvol nummer/lied) — zie ook hit (klap) (a strike, or a popular success)",
hobby,noun,A1,hobi,,,
hockey,noun,A2,hokey,,,
hold,verb,A2,tutmak,,"werkwoord — zie ook hold (zelfstandig naamwoord) (to grip, keep in one's hands)",
hold,noun,B2,tutuş,,zelfstandig naamwoord (greep) — zie ook hold (controle) (a grip),
hold,noun,C1,kontrol,,zelfstandig naamwoord (controle/macht over iets) — zie ook hold (greep) (a grip),
hole,noun,A2,delik,,zelfstandig naamwoord (gat in een voorwerp) — zie ook hole (kuil),
hole,noun,B1,çukur,,zelfstandig naamwoord (kuil/gat in de grond) — zie ook hole (gat in voorwerp),
holiday,noun,A2,tatil,,,
hollow,adjective,B2,içi boş,,,
holy,adjective,B2,kutsal,,,
home,noun,A1,ev,,,
homeland,noun,C1,anavatan,vatan,,
homeless,adjective,B2,evsiz,,,
homework,noun,A1,ev ödevi,,,
honest,adjective,B1,dürüst,,,
honesty,noun,B2,dürüstlük,,,
honey,noun,B2,bal,,,
honor,noun,B2,onur,,zelfstandig naamwoord — zie ook honor (werkwoord) (great respect),
honor,verb,B2,onurlandırmak,,werkwoord — zie ook honor (zelfstandig naamwoord) (to show great respect to),
hook,verb,B2,asmak (kancaya),,werkwoord — zie ook hook (zelfstandig naamwoord) (to catch/hang with a hook),
hook,noun,B2,kanca,,zelfstandig naamwoord (algemene haak) — zie ook hook (vishaak) (a curved device for catching/hanging),
hook,noun,C1,olta iğnesi,,zelfstandig naamwoord (vishaak) — zie ook hook (algemene haak) (a curved device for catching/hanging),
hope,verb,A1,ummak,,werkwoord — zie ook hope (zelfstandig naamwoord) (to wish for something good),
hope,noun,A2,umut,,zelfstandig naamwoord — zie ook hope (werkwoord) (a wish for something good),
hopeful,adjective,C1,umutlu,,,
hopefully,adverb,B2,umarım,,,
horizon,noun,C1,ufuk,,,
horn,noun,C1,boynuz,,zelfstandig naamwoord (dierenhoorn) — zie ook horn (claxon),
horn,noun,C1,korna,,zelfstandig naamwoord (autoclaxon) — zie ook horn (dierenhoorn),
horrible,adjective,B1,korkunç,berbat,,
horror,noun,B1,dehşet,korku (tür),,
horse,noun,A1,at,,,
hospital,noun,A1,hastane,,,
host,verb,B2,ev sahipliği yapmak,,"werkwoord — zie ook host (zelfstandig naamwoord) (to welcome guests, organize an event)",
host,noun,B1,ev sahibi,,zelfstandig naamwoord (gastheer van een bijeenkomst) — zie ook host (presentator) (someone who welcomes guests),
host,noun,B2,sunucu,,zelfstandig naamwoord (presentator van een tv-/radioprogramma) — zie ook host (gastheer) (someone who welcomes guests),
hostage,noun,C1,rehine,,,
hostile,adjective,C1,düşmanca,hasmane,,
hostility,noun,C1,düşmanlık,husumet,,
hot,adjective,A1,sıcak,,,
hotel,noun,A1,otel,,,
hour,noun,A1,saat (zaman),,,
house,noun,A1,ev,,zelfstandig naamwoord — zie ook house (werkwoord) (a building people live in),
house,verb,A1,barındırmak,,werkwoord — zie ook house (zelfstandig naamwoord) (to provide space for),
household,noun,B2,hane,ev halkı,,
housing,noun,B2,konut,,,
how,adverb,A1,nasıl,,,
however,adverb,A1,ancak (fakat),,,
huge,adjective,A2,devasa,,,
human,adjective,A2,insani,insan,,
humanitarian,adjective,C1,insani,,,
humanity,noun,C1,insanlık,,,
humble,adjective,C1,alçakgönüllü,mütevazı,,
humor,noun,B2,mizah,,,
humorous,adjective,B2,mizahi,komik,,
hundred,number,A1,yüz (sayı),,,
hunger,noun,B2,açlık,,,
hungry,adjective,A1,aç,,,
hunt,verb,B1,avlamak,,"werkwoord — zie ook hunt (zelfstandig naamwoord) (to chase animals for food/sport, or search)",
hunt,noun,B2,av,,zelfstandig naamwoord — zie ook hunt (werkwoord) (the chase of animals for food/sport),
hunting,noun,B2,avcılık,,,
hurricane,noun,B1,kasırga,,,
hurry,noun,B1,acele,,zelfstandig naamwoord — zie ook hurry (werkwoord) (the state of rushing),
hurry,verb,B1,acele etmek,,werkwoord — zie ook hurry (zelfstandig naamwoord) (to rush),
hurt,verb,A2,incitmek,canını yakmak,"werkwoord — zie ook hurt (bijvoeglijk/zelfstandig) (to injure, cause pain)",
hurt,adjective,A2,incinmiş,,"bijvoeglijk naamwoord — zie ook hurt (werkwoord/zelfstandig) (injured, in pain)",
husband,noun,A1,koca,eş (erkek),,
hydrogen,noun,C1,hidrojen,,,
hypothesis,noun,B2,hipotez,varsayım,,
ice,noun,A1,buz,,,
ice cream,noun,A1,dondurma,,,
icon,noun,B2,simge,ikon,,
idea,noun,A1,fikir,,,
ideal,adjective,A2,ideal,,bijvoeglijk naamwoord — zie ook ideal (zelfstandig) (perfect for a purpose),
ideal,noun,B2,ideal (kavram),,zelfstandig naamwoord — zie ook ideal (bijvoeglijk) (a perfect standard),
identical,adjective,B2,özdeş,aynı,,
identification,noun,C1,kimlik tespiti,,zelfstandig naamwoord (het identificatieproces) — zie ook identification (identiteitsbewijs),
identification,noun,C1,kimlik belgesi,,zelfstandig naamwoord (identiteitsbewijs/ID) — zie ook identification (proces),
identify,verb,A2,tanımlamak,belirlemek,,
identity,noun,B1,kimlik,,,
ideological,adjective,C1,ideolojik,,,
ideology,noun,C1,ideoloji,,,
if,conjunction,A1,eğer,,,
ignorance,noun,C1,cehalet,bilgisizlik,,
ignore,verb,B1,görmezden gelmek,,,
ill,adjective,A2,hasta,,,
illegal,adjective,B1,yasadışı,,,
illness,noun,A2,hastalık,,,
illusion,noun,B2,yanılsama,illüzyon,,
illustrate,verb,B2,örneklendirmek,resimlemek,,
illustration,noun,B2,resimleme,,zelfstandig naamwoord (illustratie/tekening) — zie ook illustration (voorbeeld),
illustration,noun,C1,örnek,,zelfstandig naamwoord (verduidelijkend voorbeeld) — zie ook illustration (tekening),
image,noun,A2,görüntü,,zelfstandig naamwoord (visueel beeld/plaatje) — zie ook image (imago),
image,noun,B2,imaj,,zelfstandig naamwoord (imago/reputatie) — zie ook image (visueel beeld),
imagery,noun,C1,imgeler,görüntüler,,
imaginary,adjective,B1,hayali,,,
imagination,noun,B2,hayal gücü,,,
imagine,verb,A1,hayal etmek,,,
immediate,adjective,B1,ani,acil,,
immediately,adverb,A2,hemen,,,
immense,adjective,C1,muazzam,,,
immigrant,noun,B1,göçmen,,,
immigration,noun,B2,göç,,,
imminent,adjective,C1,yakın,yaklaşmakta olan,,
immune,adjective,B2,bağışık,muaf,,
impact,noun,B1,etki,,zelfstandig naamwoord — zie ook impact (werkwoord) (a strong effect),
impact,verb,B1,etkilemek,,werkwoord — zie ook impact (zelfstandig naamwoord) (to have a strong effect on),
impatient,adjective,B2,sabırsız,,,
implement,verb,B2,uygulamak,,,
implementation,noun,C1,uygulama,,,
implication,noun,B2,sonuç,etki,,
imply,verb,B2,ima etmek,,,
import,noun,B1,ithalat,,zelfstandig naamwoord — zie ook import (werkwoord) (a good bought from abroad),
import,verb,B1,ithal etmek,,werkwoord — zie ook import (zelfstandig naamwoord) (to bring in from abroad),
importance,noun,B1,önem,,,
important,adjective,A1,önemli,,,
impose,verb,B2,dayatmak,uygulamak,,
impossible,adjective,A2,imkansız,,,
impress,verb,B2,etkilemek (izlenim bırakmak),,,
impressed,adjective,B2,etkilenmiş,,,
impression,noun,B1,izlenim,,,
impressive,adjective,B1,etkileyici,,,
imprison,verb,C1,hapsetmek,,,
improve,verb,A1,geliştirmek,iyileştirmek,,
improvement,noun,B1,gelişim,iyileştirme,,
in,preposition,A1,içinde,,"zie ook in (bijwoord) (inside, within)",
in,adverb,A1,içeri,,"zie ook in (voorzetsel) (indoors, at home)",
inability,noun,C1,yetersizlik,yapamama,,
inadequate,adjective,C1,yetersiz,,,
inappropriate,adjective,C1,uygunsuz,,,
incarcerate,verb,C1,hapsetmek,,,
incarceration,noun,C1,hapsedilme,hapis,,
incentive,noun,B2,teşvik,,,
inch,noun,B2,inç,,,
incidence,noun,C1,görülme sıklığı,,,
incident,noun,B2,olay,,,
inclined,adjective,C1,eğilimli,meyilli,,
include,verb,A1,içermek,,,
included,adjective,A2,dahil,,,
including,preposition,A2,dahil olmak üzere,,,
inclusion,noun,C1,dahil etme,kapsama,,
income,noun,B2,gelir,,,
incorporate,verb,B2,dahil etmek,birleştirmek,,
incorrect,adjective,B2,yanlış,,,
increase,verb,A2,artmak,artırmak,werkwoord — zie ook increase (zelfstandig naamwoord) (to become greater),
increase,noun,A2,artış,,zelfstandig naamwoord — zie ook increase (werkwoord) (a rise in amount),
increasingly,adverb,B2,giderek,,,
incredible,adjective,A2,inanılmaz,,,
incredibly,adverb,B1,inanılmaz derecede,,,
incur,verb,C1,maruz kalmak,yüklenmek,,
indeed,adverb,B1,gerçekten,,,
independence,noun,B2,bağımsızlık,,,
independent,adjective,A2,bağımsız,,,
index,noun,B2,endeks,,zelfstandig naamwoord (statistische/financiële index) — zie ook index (boekindex),
index,noun,C1,dizin,,zelfstandig naamwoord (register achterin een boek) — zie ook index (statistische index),
indicate,verb,B1,belirtmek,göstermek,,
indication,noun,B2,belirti,işaret,,
indicator,noun,C1,gösterge,,,
indigenous,adjective,C1,yerli,,,
indirect,adjective,B1,dolaylı,,,
individual,noun,A2,birey,,zelfstandig naamwoord — zie ook individual (bijvoeglijk) (a single person),
individual,adjective,A2,bireysel,,"bijvoeglijk naamwoord — zie ook individual (zelfstandig) (single, personal)",
indoor,adjective,B1,kapalı (mekan),,,
indoors,adverb,B1,iç mekanda,,,
induce,verb,C1,neden olmak,ikna etmek,,
indulge,verb,C1,kendini kaptırmak,şımartmak,,
industrial,adjective,B2,endüstriyel,,,
industry,noun,A2,sanayi,endüstri,,
inequality,noun,C1,eşitsizlik,,,
inevitable,adjective,B2,kaçınılmaz,,,
inevitably,adverb,B2,kaçınılmaz olarak,,,
infamous,adjective,C1,adı çıkmış,kötü şöhretli,,
infant,noun,C1,bebek,,,
infect,verb,C1,enfekte etmek,bulaştırmak,,
infection,noun,B2,enfeksiyon,,,
infer,verb,B2,çıkarım yapmak,,,
inflation,noun,B2,enflasyon,,,
inflict,verb,C1,acı vermek,zarar vermek,,
influence,noun,B1,etki,,zelfstandig naamwoord — zie ook influence (werkwoord) (the power to affect someone/something),
influence,verb,B1,etkilemek,,"werkwoord — zie ook influence (zelfstandig naamwoord) (to affect, sway)",
influential,adjective,C1,etkili,nüfuzlu,,
info,noun,B2,bilgi,,,informeel
inform,verb,B2,bilgilendirmek,,,
informal,adjective,A2,resmi olmayan,,,
information,noun,A1,bilgi,,,
infrastructure,noun,B2,altyapı,,,
ingredient,noun,B1,malzeme (yemek),,,
inhabitant,noun,B2,sakin,,,
inherent,adjective,C1,doğuştan gelen,içkin,,
inherit,verb,B2,miras almak,,,
inhibit,verb,C1,engellemek,kısıtlamak,,
initial,adjective,B2,ilk,başlangıç,,
initially,adverb,B2,başlangıçta,,,
initiate,verb,C1,başlatmak,,,
initiative,noun,B2,girişim,,,
inject,verb,C1,enjekte etmek,,,
injection,noun,C1,enjeksiyon,iğne,,
injure,verb,B1,yaralamak,,,
injured,adjective,B1,yaralı,,,
injury,noun,A2,yaralanma,,,
injustice,noun,C1,adaletsizlik,,,
ink,noun,B2,mürekkep,,,
inmate,noun,C1,mahkum,tutuklu,,
inner,adjective,B2,iç (dahili),,,
innocent,adjective,B1,masum,,,
innovation,noun,B2,yenilik,inovasyon,,
innovative,adjective,B2,yenilikçi,,,
input,noun,B2,girdi,,zelfstandig naamwoord (data-invoer) — zie ook input (bijdrage),
input,noun,C1,katkı,,"zelfstandig naamwoord (bijdrage/inbreng, bv. ""your input"") — zie ook input (data-invoer)",
inquire,verb,C1,sormak,soruşturmak,,
inquiry,noun,B2,soruşturma,sorgu,,
insect,noun,A2,böcek,,,
insert,verb,B2,eklemek,yerleştirmek,,
insertion,noun,C1,ekleme,yerleştirme,,
inside,preposition,A2,içinde,,"zie ook inside (bijwoord/zelfstandig/bijvoeglijk) (within, on the inner side of)",
inside,adverb,A2,içeride,,zie ook inside (voorzetsel/zelfstandig/bijvoeglijk) (indoors),
insider,noun,C1,içeriden biri,,,
insight,noun,B2,kavrayış,içgörü,,
insist,verb,B2,ısrar etmek,,,
inspect,verb,C1,incelemek,denetlemek,,
inspection,noun,C1,inceleme,denetim,,
inspector,noun,B2,müfettiş,,,
inspiration,noun,C1,ilham,,,
inspire,verb,B2,ilham vermek,,,
install,verb,B2,kurmak (yüklemek),,,
installation,noun,B2,kurulum,tesisat,,
instance,noun,B2,örnek (durum),,,
instant,adjective,B2,anında,,,
instantly,adverb,B2,hemen,anında,,
instead,adverb,A2,onun yerine,,,
instinct,noun,C1,içgüdü,,,
institute,noun,B2,enstitü,,,
institution,noun,B2,kurum,,,
institutional,adjective,C1,kurumsal,,,
instruct,verb,C1,talimat vermek,öğretmek,,
instruction,noun,A2,talimat,,,
instructor,noun,A2,eğitmen,,,
instrument,noun,A2,alet,,zelfstandig naamwoord (gereedschap) — zie ook instrument (muziekinstrument),
instrument,noun,B1,çalgı,,zelfstandig naamwoord (muziekinstrument) — zie ook instrument (gereedschap),
instrumental,adjective,C1,etkili,,bijvoeglijk naamwoord (een sleutelrol spelend) — zie ook instrumental (instrumentaal),
instrumental,adjective,C1,enstrümantal,,bijvoeglijk naamwoord (muziek zonder zang) — zie ook instrumental (sleutelrol),
insufficient,adjective,C1,yetersiz,,,
insult,noun,C1,hakaret,,zelfstandig naamwoord — zie ook insult (werkwoord) (a rude remark),
insult,verb,C1,hakaret etmek,,werkwoord — zie ook insult (zelfstandig naamwoord) (to speak rudely to),
insurance,noun,B2,sigorta,,,
intact,adjective,C1,bozulmamış,sağlam,,
intake,noun,C1,alım,,,
integral,adjective,C1,ayrılmaz,bütünleyici,,
integrate,verb,B2,entegre etmek,bütünleştirmek,,
integrated,adjective,C1,entegre,bütünleşik,,
integration,noun,C1,entegrasyon,bütünleşme,,
integrity,noun,C1,dürüstlük,bütünlük,,
intellectual,adjective,B2,entelektüel,zihinsel,"bijvoeglijk naamwoord — zie ook intellectual (zelfstandig) (relating to the mind, scholarly)",
intellectual,noun,C1,aydın,entelektüel,zelfstandig naamwoord — zie ook intellectual (bijvoeglijk) (a scholarly person),
intelligence,noun,B1,zeka,,zelfstandig naamwoord (verstand/slimheid) — zie ook intelligence (inlichtingendienst),
intelligence,noun,C1,istihbarat,,"zelfstandig naamwoord (inlichtingen, bv. geheime dienst) — zie ook intelligence (verstand)",
intelligent,adjective,A2,zeki,,,
intend,verb,B1,niyetlenmek,,,
intended,adjective,B2,amaçlanan,,,
intense,adjective,B2,yoğun,,,
intensify,verb,C1,yoğunlaştırmak,şiddetlenmek,,
intensity,noun,C1,yoğunluk,şiddet,,
intensive,adjective,C1,yoğun,,,
intent,noun,C1,niyet,kasıt,,
intention,noun,B1,niyet,,,
interact,verb,B2,etkileşimde bulunmak,,,
interaction,noun,B2,etkileşim,,,
interactive,adjective,C1,etkileşimli,,,
interest,verb,A1,ilgilendirmek,,werkwoord — zie ook interest (zelfstandig naamwoord) (to make curious),
interest,noun,A1,ilgi,,"zelfstandig naamwoord (belangstelling) — zie ook interest (rente) (curiosity, or money paid on a loan)",
interest,noun,B2,faiz,,"zelfstandig naamwoord (financiële rente) — zie ook interest (belangstelling) (curiosity, or money paid on a loan)",
interested,adjective,A1,ilgili (ilgilenen),,,
interesting,adjective,A1,ilginç,,,
interface,noun,C1,arayüz,,,
interfere,verb,C1,müdahale etmek,karışmak,,
interference,noun,C1,müdahale,,zelfstandig naamwoord (inmenging) — zie ook interference (storing),
interference,noun,C1,parazit,,zelfstandig naamwoord (radio-/signaalstoring) — zie ook interference (inmenging),
interim,adjective,C1,geçici,ara,,
interior,adjective,C1,iç,,"bijvoeglijk naamwoord — zie ook interior (zelfstandig) (inner, inside)",
interior,noun,C1,iç mekan,,zelfstandig naamwoord — zie ook interior (bijvoeglijk) (the inside of something),
intermediate,adjective,C1,orta düzey,ara,,
internal,adjective,B2,iç (dahili),,,
international,adjective,A2,uluslararası,,,
internet,noun,A1,internet,,,
interpret,verb,B2,yorumlamak,tercüme etmek,,
interpretation,noun,B2,yorum,tercüme,,
interrupt,verb,B2,sözünü kesmek,,,
intersection,noun,C1,kesişim,,zelfstandig naamwoord (wiskundige doorsnede) — zie ook intersection (kruispunt),
intersection,noun,C1,kavşak,,zelfstandig naamwoord (verkeerskruispunt) — zie ook intersection (wiskundige doorsnede),
interval,noun,B2,aralık,ara,,
intervene,verb,C1,müdahale etmek,,,
intervention,noun,C1,müdahale,,,
interview,noun,A1,mülakat,,zelfstandig naamwoord — zie ook interview (werkwoord) (a formal meeting to ask questions),
interview,verb,A1,mülakat yapmak,,werkwoord — zie ook interview (zelfstandig naamwoord) (to formally ask questions of),
intimate,adjective,C1,samimi,yakın,,
into,preposition,A1,içine,,,
intriguing,adjective,C1,merak uyandırıcı,,,
introduce,verb,A1,tanıtmak,tanıştırmak,,
introduction,noun,A2,giriş,tanıtım,,
invade,verb,B2,işgal etmek,,,
invasion,noun,B2,işgal,istila,,
invent,verb,A2,icat etmek,,,
invention,noun,A2,icat,buluş,,
inventory,noun,C1,envanter,stok,,
invest,verb,B1,yatırım yapmak,,,
investigate,verb,B1,soruşturmak,araştırmak,,
investigation,noun,B2,soruşturma,,,
investigator,noun,C1,araştırmacı,müfettiş,,
investment,noun,B2,yatırım,,,
investor,noun,B2,yatırımcı,,,
invisible,adjective,C1,görünmez,,,
invitation,noun,A2,davet,,,
invite,verb,A2,davet etmek,,,
invoke,verb,C1,başvurmak,çağırmak,,
involve,verb,A2,içermek,dahil etmek,,
involved,adjective,B1,dahil,ilgili,,
involvement,noun,C1,katılım,dahil olma,,
iron,verb,B1,ütülemek,,werkwoord — zie ook iron (zelfstandig naamwoord) (to press clothes flat with heat),
iron,noun,B1,ütü,,"zelfstandig naamwoord (het strijkapparaat) — zie ook iron (metaal) (the metal, or the tool for pressing clothes)",
iron,noun,B1,demir,,"zelfstandig naamwoord (het metaal) — zie ook iron (strijkijzer) (the metal, or the tool for pressing clothes)",
ironic,adjective,C1,ironik,,,
ironically,adverb,C1,ironik bir şekilde,,,
irony,noun,C1,ironi,,,
irrelevant,adjective,C1,alakasız,ilgisiz,,
island,noun,A1,ada,,,
isolate,verb,B2,izole etmek,yalıtmak,,
isolated,adjective,B2,izole,yalıtılmış,,
isolation,noun,C1,izolasyon,yalnızlık,,
issue,noun,B1,konu,sorun,"zelfstandig naamwoord — zie ook issue (werkwoord) (a topic/problem, or a published edition)",
issue,verb,B2,yayınlamak (resmen vermek),,"werkwoord — zie ook issue (zelfstandig naamwoord) (to officially give out, publish)",
it,pronoun,A1,o (nesne),,,
item,noun,A2,öğe,ürün,,
its,determiner,A1,onun (nesne),,,
itself,pronoun,A2,kendisi (nesne),,,
jacket,noun,A1,ceket,,,
jail,noun,B2,hapishane,,zelfstandig naamwoord — zie ook jail (werkwoord) (a place for holding prisoners),
jail,verb,B2,hapsetmek,,werkwoord — zie ook jail (zelfstandig naamwoord) (to put in prison),
jam,noun,A2,reçel,,,
jazz,noun,A2,caz,,,
jeans,noun,A1,kot pantolon,,,
jet,noun,B2,jet uçağı,,zelfstandig naamwoord (straalvliegtuig) — zie ook jet (straal vloeistof),
jet,noun,C1,fışkırtma,,"zelfstandig naamwoord (straal vloeistof, bv. waterstraal) — zie ook jet (vliegtuig)",
jewelry,noun,A2,mücevher,,,
job,noun,A1,iş,,,
join,verb,A1,katılmak,,,
joint,adjective,B2,ortak,,bijvoeglijk naamwoord — zie ook joint (zelfstandig) (shared by two or more),
joint,noun,B2,eklem,,zelfstandig naamwoord — zie ook joint (bijvoeglijk) (where two bones meet),
joke,noun,A2,şaka,,zelfstandig naamwoord — zie ook joke (werkwoord) (something said to cause laughter),
joke,verb,A2,şaka yapmak,,werkwoord — zie ook joke (zelfstandig naamwoord) (to say something to cause laughter),
journal,noun,B1,dergi (akademik),,,
journalism,noun,B2,gazetecilik,,,
journalist,noun,A2,gazeteci,,,
journey,noun,B1,yolculuk,,,
joy,noun,B2,sevinç,,,
judge,noun,B1,hakim,,zelfstandig naamwoord — zie ook judge (werkwoord) (the official who decides in court),
judge,verb,B1,yargılamak,,werkwoord — zie ook judge (zelfstandig naamwoord) (to form an opinion about),
judgment,noun,B2,yargı,karar,,
judicial,adjective,C1,yargısal,adli,,
juice,noun,A1,meyve suyu,,,
jump,verb,A2,zıplamak,,werkwoord — zie ook jump (zelfstandig naamwoord) (to leap),
jump,noun,A2,zıplama,,zelfstandig naamwoord — zie ook jump (werkwoord) (a leap),
junior,adjective,B2,genç (kıdemi düşük),,,
jurisdiction,noun,C1,yargı yetkisi,,,
jury,noun,B2,jüri,,,
just,adjective,C1,adil,,bijvoeglijk naamwoord — niet het bijwoord 'just' (sadece) (fair),
just,adverb,A1,sadece,,"(only, simply)",
justice,noun,B2,adalet,,,
justification,noun,C1,gerekçe,haklı çıkarma,,
justify,verb,B2,haklı çıkarmak,,,
keen,adjective,C1,hevesli,istekli,,
keep,verb,A1,tutmak,saklamak,,
key,noun,A1,anahtar,,zelfstandig naamwoord — zie ook key (bijvoeglijk) (the metal tool for a lock),
key,adjective,B1,kilit (önemli),,bijvoeglijk naamwoord — zie ook key (zelfstandig) (very important),
keyboard,noun,B1,klavye,,,
kick,verb,B1,tekmelemek,,werkwoord — zie ook kick (zelfstandig naamwoord) (to strike with the foot),
kick,noun,B1,tekme,,zelfstandig naamwoord — zie ook kick (werkwoord) (a strike with the foot),
kid,noun,A2,çocuk,,,informeel
kidnap,verb,C1,kaçırmak,,,
kidney,noun,C1,böbrek,,,
kill,verb,A2,öldürmek,,,
killing,noun,B1,öldürme,cinayet,,
kilometer,noun,A2,kilometre,,,
kind,noun,A1,tür,çeşit,"zelfstandig naamwoord — zie ook kind (bijvoeglijk) (a type, sort)",
kind,adjective,B1,nazik,iyi kalpli,"bijvoeglijk naamwoord — zie ook kind (zelfstandig) (gentle, caring)",
kindergarten,noun,B2,anaokulu,,,
king,noun,A2,kral,,,
kingdom,noun,C1,krallık,,,
kiss,verb,B1,öpmek,,werkwoord — zie ook kiss (zelfstandig naamwoord) (to touch with the lips),
kiss,noun,B1,öpücük,,zelfstandig naamwoord — zie ook kiss (werkwoord) (a touch with the lips),
kit,noun,B2,takım,donanım seti,,
kitchen,noun,A1,mutfak,,,
knee,noun,A2,diz,,,
knife,noun,A2,bıçak,,,
knock,verb,A2,vurmak,kapı çalmak,werkwoord — zie ook knock (zelfstandig naamwoord) (to hit/tap sharply),
knock,noun,B1,vuruş,,zelfstandig naamwoord — zie ook knock (werkwoord) (a sharp hit/tap),
know,verb,A1,bilmek,,,
knowledge,noun,A2,bilgi,,,
lab,noun,A2,laboratuvar,,,informeel
label,noun,B1,etiket,,zelfstandig naamwoord — zie ook label (werkwoord) (a tag with information),
label,verb,B1,etiketlemek,,werkwoord — zie ook label (zelfstandig naamwoord) (to attach a tag/description to),
labor,noun,B2,emek,işçilik,,
laboratory,noun,B1,laboratuvar,,,
lack,noun,B1,eksiklik,,zelfstandig naamwoord — zie ook lack (werkwoord) (the state of not having enough),
lack,verb,B1,eksik olmak,,werkwoord — zie ook lack (zelfstandig naamwoord) (to not have enough of),
ladder,noun,B2,merdiven,,,
lady,noun,A2,hanım,,,
lake,noun,A2,göl,,,
lamp,noun,A2,lamba,,,
land,verb,A2,inmek (uçak),,werkwoord — zie ook land (zelfstandig naamwoord) (to come down onto the ground),
land,noun,A1,kara,,zelfstandig naamwoord (land tegenover zee) — zie ook land (stuk grond) (solid ground),
land,noun,B1,arazi,,zelfstandig naamwoord (stuk grond/eigendom) — zie ook land (tegenover zee) (solid ground),
landing,noun,B2,iniş,,zelfstandig naamwoord (landing van een vliegtuig) — zie ook landing (overloop),
landing,noun,C1,sahanlık,,zelfstandig naamwoord (overloop bovenaan een trap) — zie ook landing (vliegtuiglanding),
landlord,noun,C1,ev sahibi,,,
landmark,noun,C1,dönüm noktası,,zelfstandig naamwoord (figuurlijk keerpunt) — zie ook landmark (herkenningspunt),
landmark,noun,C1,simge yapı,,zelfstandig naamwoord (beroemd gebouw/monument) — zie ook landmark (keerpunt),
landscape,noun,B2,manzara,peyzaj,,
lane,noun,B2,şerit,dar yol,,
language,noun,A1,dil,,,
lap,noun,C1,tur,,zelfstandig naamwoord (ronde in een race) — zie ook lap (schoot),
lap,noun,B1,kucak,,"zelfstandig naamwoord (de schoot, bv. ""sit on my lap"") — zie ook lap (raceronde)",
laptop,noun,A2,dizüstü bilgisayar,,,
large,adjective,A1,büyük,,,
large-scale,adjective,C1,büyük ölçekli,,,
largely,adverb,B2,büyük ölçüde,,,
laser,noun,C1,lazer,,,
last,determiner,A1,son,,"zie ook last (bijwoord/werkwoord) (final, most recent)",
last,verb,A2,sürmek (zaman),,"werkwoord — zie ook last (bepaler) (to continue, endure)",
late,adjective,A1,geç,,,
lately,adverb,B2,son zamanlarda,,,
later,adverb,A1,sonra,daha sonra,,
latest,adjective,B1,en son,,,
latter,adjective,C1,sonuncu,ikincisi,bijvoeglijk naamwoord — zie ook latter (zelfstandig) (the second of two),
latter,noun,C1,ikincisi,,zelfstandig naamwoord — zie ook latter (bijvoeglijk) (the second of two just mentioned),
laugh,verb,A1,gülmek,,werkwoord — zie ook laugh (zelfstandig naamwoord) (to make sounds showing amusement),
laugh,noun,A1,gülüş,,zelfstandig naamwoord — zie ook laugh (werkwoord) (the sound of laughing),
laughter,noun,A2,kahkaha,,,
launch,verb,B2,başlatmak (piyasaya sürmek),,"werkwoord — zie ook launch (zelfstandig naamwoord) (to start something new, or send into motion)",
launch,noun,B2,lansman,,zelfstandig naamwoord — zie ook launch (werkwoord) (the start of something new),
law,noun,A2,kanun,hukuk,,
lawmaker,noun,C1,yasa yapıcı,milletvekili,,
lawn,noun,C1,çim,çimenlik,,
lawsuit,noun,C1,dava,,,
lawyer,noun,A2,avukat,,,
lay,verb,B1,koymak,yatırmak,,
layer,noun,B1,katman,,,
layout,noun,C1,düzen,yerleşim,,
lazy,adjective,A2,tembel,,,
lead,verb,A2,liderlik etmek,yönetmek,"werkwoord — zie ook lead (zelfstandig naamwoord) (to guide, be in charge of)",
lead,noun,B1,öncülük,,"zelfstandig naamwoord (voorsprong/leiding, bv. ""take the lead"") — zie ook lead (aanwijzing) (the position in front)",
lead,noun,C1,ipucu,,zelfstandig naamwoord (aanwijzing/tip) — zie ook lead (voorsprong) (the position in front),
leader,noun,A2,lider,,,
leadership,noun,B2,liderlik,,,
leading,adjective,B1,önde gelen,,,
leaf,noun,B1,yaprak,,,
league,noun,B2,lig,,,
leak,noun,C1,sızıntı,,zelfstandig naamwoord — zie ook leak (werkwoord) (an unintended escape of liquid/gas/info),
leak,verb,C1,sızmak,,"werkwoord — zie ook leak (zelfstandig naamwoord) (to escape unintentionally, e.g. liquid/info)",
lean,verb,B2,yaslanmak,eğilmek,,
leap,verb,C1,sıçramak,,werkwoord — zie ook leap (zelfstandig naamwoord) (to jump a long way),
leap,noun,C1,sıçrama,,zelfstandig naamwoord — zie ook leap (werkwoord) (a big jump),
learn,verb,A1,öğrenmek,,,
learning,noun,A2,öğrenme,,,
least,determiner,A2,en az,,,
leather,noun,B1,deri,,,
leave,verb,A1,ayrılmak,terk etmek,werkwoord — zie ook leave (zelfstandig naamwoord) (to go away from),
leave,noun,B2,izin (işten),,zelfstandig naamwoord — zie ook leave (werkwoord) (time off from work),
lecture,noun,A2,ders (konferans),,zelfstandig naamwoord — zie ook lecture (werkwoord) (a formal educational talk),
lecture,verb,A2,ders vermek,,werkwoord — zie ook lecture (zelfstandig naamwoord) (to give a formal educational talk),
left,adjective,A1,sol,,,
leg,noun,A1,bacak,,,
legacy,noun,C1,miras,kalıt,,
legal,adjective,B1,yasal,,,
legend,noun,B2,efsane,,,
legendary,adjective,C1,efsanevi,,,
legislation,noun,C1,mevzuat,yasama,,
legislative,adjective,C1,yasama ile ilgili,,,
legislature,noun,C1,yasama organı,meclis,,
legitimate,adjective,C1,meşru,yasal,,
leisure,noun,B1,boş zaman,,,
lemon,noun,A2,limon,,,
lend,verb,A2,ödünç vermek,,,
length,noun,B1,uzunluk,,,
lengthy,adjective,C1,uzun (süreli),,,
lens,noun,B2,lens,mercek,,
lesbian,adjective,C1,lezbiyen,,,
less,determiner,A2,daha az,,,
lesser,adjective,C1,daha az,küçük,,
lesson,noun,A1,ders,,,
let,verb,A1,izin vermek,bırakmak,,
lethal,adjective,C1,öldürücü,,,
letter,noun,A1,mektup,,zelfstandig naamwoord (brief) — zie ook letter (alfabetletter),
letter,noun,A1,harf,,zelfstandig naamwoord (letter van het alfabet) — zie ook letter (brief),
level,noun,A2,seviye,,"zelfstandig naamwoord — zie ook level (bijvoeglijk/werkwoord) (a stage, degree, or height)",
level,adjective,B1,düz (yatay),,"bijvoeglijk naamwoord — zie ook level (zelfstandig/werkwoord) (flat, even)",
level,verb,B2,düzleştirmek,,werkwoord — zie ook level (zelfstandig/bijvoeglijk) (to make flat),
liable,adjective,C1,sorumlu,yükümlü,,
liberal,adjective,C1,liberal,,"bijvoeglijk naamwoord — zie ook liberal (zelfstandig) (open to new ideas, tolerant)",
liberal,noun,C1,liberal,,zelfstandig naamwoord — zie ook liberal (bijvoeglijk) (someone with liberal views),
liberation,noun,C1,kurtuluş,özgürleştirme,,
liberty,noun,C1,özgürlük,,,
library,noun,A1,kütüphane,,,
license,noun,B2,lisans,,"zelfstandig naamwoord (algemene licentie, bv. softwarelicentie) — zie ook license (rijbewijs)",
license,noun,C1,ehliyet,,zelfstandig naamwoord (rijbewijs) — zie ook license (algemene licentie),
lie,verb,A1,uzanmak,,werkwoord (yatmak) — zie ook lie (yalan söylemek) (to be in a flat position),
lie,verb,B1,yalan söylemek,,werkwoord (yalan) — zie ook lie (uzanmak) (to be in a flat position),
lie,noun,B1,yalan,,zelfstandig naamwoord — zie ook lie (werkwoorden) (a false statement),
life,noun,A1,hayat,,,
lifelong,adjective,C1,ömür boyu,,,
lifestyle,noun,A2,yaşam tarzı,,,
lifetime,noun,B2,ömür,yaşam süresi,,
lift,verb,A2,kaldırmak,,,
light,noun,A1,ışık,,"zelfstandig naamwoord — zie ook light (bijvoeglijk/werkwoord, elders) (brightness, illumination)",
light,verb,A2,yakmak,,"werkwoord (een vuur/kaars aansteken) — zie ook light (verlichten) (to set on fire, illuminate)",
light,verb,A2,aydınlatmak,,"werkwoord (verlichten, bv. een kamer) — zie ook light (aansteken) (to set on fire, illuminate)",
light,adjective,A2,hafif,,bijvoeglijk naamwoord (niet zwaar) — zie ook light (helder verlicht) (not heavy),
light,adjective,B1,aydınlık,,"bijvoeglijk naamwoord (helder verlicht, bv. lichte kleur) — zie ook light (niet zwaar) (not heavy)",
lighting,noun,B2,aydınlatma,,,
like,preposition,A1,gibi,,zie ook like (werkwoord) (similar to),
like,verb,A1,hoşlanmak,sevmek,"werkwoord — zie ook like (voorzetsel) (to enjoy, be fond of)",
likelihood,noun,C1,olasılık,ihtimal,,
likely,adjective,A2,muhtemel,,,
likewise,adverb,B2,aynı şekilde,benzer şekilde,,
limb,noun,C1,uzuv,,zelfstandig naamwoord (lichaamsledemaat) — zie ook limb (boomtak),
limb,noun,C1,dal,,zelfstandig naamwoord (grote boomtak) — zie ook limb (ledemaat),
limit,noun,B1,sınır,,zelfstandig naamwoord — zie ook limit (werkwoord) (the furthest point allowed),
limit,verb,B1,sınırlamak,,werkwoord — zie ook limit (zelfstandig naamwoord) (to restrict),
limitation,noun,B2,sınırlama,kısıtlama,,
limited,adjective,B2,sınırlı,,,
line,noun,A1,çizgi,,zelfstandig naamwoord (getekende lijn) — zie ook line (rij/wachtrij),
line,noun,A2,sıra,,zelfstandig naamwoord (rij/wachtrij) — zie ook line (getekende lijn),
linear,adjective,C1,doğrusal,,,
lineup,noun,C1,kadro,,zelfstandig naamwoord (team-/spelersopstelling) — zie ook lineup (programma),
lineup,noun,C1,program,,zelfstandig naamwoord (programma/schema van een evenement) — zie ook lineup (teamopstelling),
linger,verb,C1,oyalanmak,kalmaya devam etmek,,
link,noun,A2,bağlantı,,zelfstandig naamwoord — zie ook link (werkwoord) (a connection),
link,verb,A2,bağlamak,,werkwoord — zie ook link (zelfstandig naamwoord) (to connect),
lion,noun,A1,aslan,,,
lip,noun,B1,dudak,,,
liquid,noun,B1,sıvı,,,
list,noun,A1,liste,,zelfstandig naamwoord — zie ook list (werkwoord) (a series of items written down),
list,verb,A1,listelemek,,werkwoord — zie ook list (zelfstandig naamwoord) (to write items down as a series),
listen,verb,A1,dinlemek,,,
listener,noun,A2,dinleyici,,,
listing,noun,C1,liste,ilan,,
liter,noun,C1,litre,,,
literacy,noun,C1,okuryazarlık,,,
literally,adverb,B2,tam anlamıyla,harfiyen,,
literary,adjective,B2,edebi,,,
literature,noun,B1,edebiyat,,,
litter,noun,B2,çöp,,,
little,adjective,A1,küçük,az,,
live,verb,A1,yaşamak,,"werkwoord — zie ook live (bijvoeglijk) (to be alive, reside)",
live,adjective,B1,canlı (yayın),,bijvoeglijk naamwoord — zie ook live (werkwoord) (broadcast as it happens),
lively,adjective,B2,canlı,hareketli,,
liver,noun,C1,karaciğer,,,
living,adjective,B1,yaşayan,,bijvoeglijk naamwoord — zie ook living (zelfstandig) (alive),
living,noun,B1,geçim,,zelfstandig naamwoord — zie ook living (bijvoeglijk) (the means of earning money),
load,noun,B2,yük,,zelfstandig naamwoord — zie ook load (werkwoord) (something carried/transported),
load,verb,B2,yüklemek,,werkwoord — zie ook load (zelfstandig naamwoord) (to fill with something to carry/use),
loan,noun,B2,kredi (borç),,,
lobby,verb,C1,lobi yapmak,,werkwoord — zie ook lobby (zelfstandig naamwoord) (to try to influence politicians),
lobby,noun,C1,lobi,,"zelfstandig naamwoord (belangengroep) — zie ook lobby (entreehal) (an entrance hall, or a group that pressures politicians)",
lobby,noun,C1,fuaye,,"zelfstandig naamwoord (entreehal van een gebouw) — zie ook lobby (belangengroep) (an entrance hall, or a group that pressures politicians)",
local,adjective,A1,yerel,,bijvoeglijk naamwoord — zie ook local (zelfstandig) (of a particular area),
local,noun,B1,yerel halk,,zelfstandig naamwoord — zie ook local (bijvoeglijk) (a person from a particular area),
locate,verb,B1,konumlandırmak,bulmak,,
located,adjective,B1,konumlanmış,,,
location,noun,B1,konum,,,
lock,verb,A2,kilitlemek,,werkwoord — zie ook lock (zelfstandig naamwoord) (to fasten with a lock),
lock,noun,A2,kilit,,zelfstandig naamwoord — zie ook lock (werkwoord) (a device that fastens with a key),
log,verb,C1,kaydetmek,,werkwoord — zie ook log (zelfstandig naamwoord) (to record in an official record),
log,noun,C1,kütük,,"zelfstandig naamwoord (boomstam) — zie ook log (logbestand) (a cut tree trunk, or a record of events)",
log,noun,C1,kayıt,,"zelfstandig naamwoord (logbestand/registratie) — zie ook log (boomstam) (a cut tree trunk, or a record of events)",
logic,noun,C1,mantık,,,
logical,adjective,B2,mantıklı,,,
logo,noun,B2,logo,,,
lonely,adjective,B1,yalnız,,,
long,adjective,A1,uzun,,,
long-standing,adjective,C1,köklü,uzun süredir devam eden,,
long-term,adjective,B2,uzun vadeli,,,
longtime,adjective,C1,uzun süredir olan,eski (deneyimli),,
look,verb,A1,bakmak,,werkwoord — zie ook look (zelfstandig naamwoord) (to direct one's eyes),
look,noun,A2,bakış,,"zelfstandig naamwoord (blik) — zie ook look (uiterlijk) (a glance, or an appearance)",
look,noun,B1,görünüm,,"zelfstandig naamwoord (uiterlijk/stijl) — zie ook look (blik) (a glance, or an appearance)",
loom,verb,C1,belirmek (tehdit gibi),yaklaşmak (tehlike),,
loop,noun,C1,döngü,,zelfstandig naamwoord (abstracte cyclus/lus) — zie ook loop (fysieke lus),
loop,noun,C1,ilmek,,zelfstandig naamwoord (fysieke lus/knoop) — zie ook loop (abstracte cyclus),
loose,adjective,B2,gevşek,,,
lord,noun,B2,lort,efendi,,
lose,verb,A1,kaybetmek,,,
loss,noun,B1,kayıp,,,
lost,adjective,A2,kayıp (kaybolmuş),,,
lot,pronoun,A1,çok (miktar),,,
lottery,noun,B2,piyango,çekiliş,,
loud,adjective,A2,yüksek sesli,,,
loudly,adverb,A2,yüksek sesle,,,
love,noun,A1,aşk,sevgi,zelfstandig naamwoord — zie ook love (werkwoord) (a strong feeling of affection),
love,verb,A1,sevmek,,werkwoord — zie ook love (zelfstandig naamwoord) (to feel strong affection for),
low,adjective,A2,düşük,,bijvoeglijk naamwoord — zie ook low (zelfstandig) (not high),
low,noun,B2,düşük seviye,,zelfstandig naamwoord — zie ook low (bijvoeglijk) (a low point),
lower,verb,B2,alçaltmak,indirmek,,
loyal,adjective,B2,sadık,bağlı,,
loyalty,noun,C1,sadakat,bağlılık,,
luck,noun,A2,şans,,,
lucky,adjective,A2,şanslı,,,
lunch,noun,A1,öğle yemeği,,,
lung,noun,B2,akciğer,,,
luxury,noun,B1,lüks,,,
lyric,noun,B2,şarkı sözü,,,
machine,noun,A1,makine,,,
machinery,noun,C1,makine,donanım,,
mad,adjective,B1,deli,,bijvoeglijk naamwoord (gek/waanzinnig) — zie ook mad (boos),
mad,adjective,B1,çok kızgın,,"bijvoeglijk naamwoord (boos, informeel Am. Engels) — zie ook mad (gek)",
magazine,noun,A1,dergi,,,
magic,noun,B1,sihir,,,
magical,adjective,C1,büyülü,,,
magnetic,adjective,C1,manyetik,,,
magnificent,adjective,B2,muhteşem,görkemli,,
magnitude,noun,C1,büyüklük,önem,,
mail,noun,A2,posta,,zelfstandig naamwoord — zie ook mail (werkwoord) (letters/packages sent by post),
mail,verb,A2,postalamak,,werkwoord — zie ook mail (zelfstandig naamwoord) (to send by post),
main,adjective,A1,ana (temel),,,
mainland,noun,C1,anakara,,,
mainly,adverb,B1,başlıca,çoğunlukla,,
mainstream,noun,C1,ana akım,,zelfstandig naamwoord — zie ook mainstream (bijvoeglijk) (the widely accepted trend),
mainstream,adjective,C1,ana akım,,"bijvoeglijk naamwoord — zie ook mainstream (zelfstandig) (widely accepted, conventional)",
maintain,verb,B2,sürdürmek,bakımını yapmak,,
maintenance,noun,C1,bakım,,,
major,adjective,A2,büyük (önemli),,"bijvoeglijk naamwoord — zie ook major (zelfstandig) (large, important)",
major,noun,B2,binbaşı,,zelfstandig naamwoord (militaire rang) — zie ook major (hoofdvak) (a military rank),
major,noun,B2,ana dal,,zelfstandig naamwoord (hoofdvak aan de universiteit) — zie ook major (rang) (a military rank),
majority,noun,B2,çoğunluk,,,
make,verb,A1,yapmak,,,
makeup,noun,B2,makyaj,,zelfstandig naamwoord (cosmetica) — zie ook makeup (samenstelling),
makeup,noun,C1,yapı,,zelfstandig naamwoord (samenstelling/opbouw van iets) — zie ook makeup (cosmetica),
making,noun,B2,yapım,oluşum,,
male,adjective,A2,erkek,,,
mall,noun,A1,alışveriş merkezi,,,
man,noun,A1,adam,,,
manage,verb,A2,yönetmek,başarmak,,
management,noun,B1,yönetim,,,
manager,noun,A2,müdür,yönetici,,
mandate,noun,C1,yetki,zorunluluk,,
mandatory,adjective,C1,zorunlu,,,
manifest,verb,C1,ortaya çıkmak,göstermek,,
manipulate,verb,C1,manipüle etmek,yönlendirmek,,
manipulation,noun,C1,manipülasyon,,,
manner,noun,A2,tarz,tavır,,
manufacture,verb,B2,üretmek,imal etmek,,
manufacturing,noun,B2,üretim,imalat,,
manuscript,noun,C1,el yazması,müsvedde,,
many,determiner,A1,çok sayıda,,,
map,noun,A1,harita,,,
marathon,noun,B2,maraton,,,
march,noun,C1,yürüyüş,,"zelfstandig naamwoord — zie ook march (werkwoord) (an organized walk, or a military step)",
march,verb,C1,yürümek,,werkwoord — zie ook march (zelfstandig naamwoord) (to walk in a formal/organized way),
margin,noun,B2,kâr marjı,,zelfstandig naamwoord (winstmarge) — zie ook margin (paginamarge),
margin,noun,C1,kenar boşluğu,,zelfstandig naamwoord (paginamarge) — zie ook margin (winstmarge),
marginal,adjective,C1,önemsiz,marjinal,,
marine,adjective,C1,deniz,denizcilik,,
mark,verb,A2,işaretlemek,not vermek,werkwoord — zie ook mark (zelfstandig naamwoord) (to put a visible sign on),
mark,noun,A2,işaret,,zelfstandig naamwoord (teken/markering) — zie ook mark (cijfer) (a visible sign or stain),
mark,noun,A2,not,,zelfstandig naamwoord (schoolcijfer/beoordeling) — zie ook mark (teken) (a visible sign or stain),
marker,noun,B2,işaretçi,keçeli kalem,,
market,noun,A1,pazar,,zelfstandig naamwoord (fysieke markt/bazaar) — zie ook market (economie),
market,noun,B1,piyasa,,"zelfstandig naamwoord (economische markt, bv. beurs) — zie ook market (fysieke markt)",
marketing,noun,B1,pazarlama,,,
marketplace,noun,C1,pazar yeri,,,
marriage,noun,B1,evlilik,,,
married,adjective,A1,evli,,,
marry,verb,A2,evlenmek,,,
martial,adjective,B2,askeri,,,
mask,noun,C1,maske,,,
mass,noun,B2,kütle,,zelfstandig naamwoord (natuurkundige massa) — zie ook mass (grote hoeveelheid/menigte),
mass,noun,C1,yığın,,zelfstandig naamwoord (grote hoeveelheid/menigte) — zie ook mass (natuurkundige massa),
massacre,noun,C1,katliam,,,
massive,adjective,B2,kocaman,büyük,,
master,noun,B2,usta,efendi,zelfstandig naamwoord — zie ook master (werkwoord) (someone highly skilled),
master,verb,B2,ustalaşmak,,werkwoord — zie ook master (zelfstandig naamwoord) (to become highly skilled at),
match,verb,A1,uymak (eşleşmek),,"werkwoord — zie ook match (zelfstandig naamwoord) (to be the same as, correspond to)",
match,noun,A1,maç,,zelfstandig naamwoord (sportwedstrijd) — zie ook match (lucifer) (a sports contest),
match,noun,A2,kibrit,,zelfstandig naamwoord (lucifer) — zie ook match (wedstrijd) (a sports contest),
matching,adjective,B2,uyumlu (eşleşen),,,
mate,verb,B2,çiftleşmek,,"werkwoord — zie ook mate (zelfstandig naamwoord) (to breed, pair for reproduction)",
mate,noun,B2,arkadaş,,"zelfstandig naamwoord (vriend) — zie ook mate (dier) (a friend, or a breeding partner)",
mate,noun,C1,eş,,"zelfstandig naamwoord (paringspartner van een dier) — zie ook mate (vriend) (a friend, or a breeding partner)",
material,noun,A2,malzeme,,zelfstandig naamwoord (algemeen materiaal) — zie ook material (stof),
material,noun,B1,kumaş,,zelfstandig naamwoord (textiel/stof) — zie ook material (algemeen materiaal),
math,noun,A2,matematik,,,informeel
mathematical,adjective,C1,matematiksel,,,
mathematics,noun,A2,matematik,,,
matter,verb,A2,önemli olmak,,werkwoord — zie ook matter (zelfstandig naamwoord) (to be important),
matter,noun,A2,mesele,,"zelfstandig naamwoord (kwestie) — zie ook matter (materie) (a subject, issue)",
matter,noun,B1,madde,,"zelfstandig naamwoord (natuurkundige materie/stof) — zie ook matter (kwestie) (a subject, issue)",
mature,adjective,C1,olgun,,bijvoeglijk naamwoord — zie ook mature (werkwoord) (fully grown/developed),
mature,verb,C1,olgunlaşmak,,werkwoord — zie ook mature (bijvoeglijk) (to become fully grown/developed),
maximize,verb,C1,en üst düzeye çıkarmak,,,
maximum,adjective,B2,azami,maksimum,,
may,modal verb,A2,-ebilir (izin/olasılık),,,
maybe,adverb,A1,belki,,,
mayor,noun,A2,belediye başkanı,,,
me,pronoun,A1,beni,bana,,
meal,noun,A1,yemek (öğün),,,
mean,verb,A1,anlamına gelmek,,,
meaning,noun,A1,anlam,,,
meaningful,adjective,C1,anlamlı,,,
means,noun,B2,araç (yol),,,
meantime,noun,C1,bu arada,,,
meanwhile,adverb,B1,bu arada,,,
measure,verb,B1,ölçmek,,werkwoord — zie ook measure (zelfstandig naamwoord) (to find the size/amount of),
measure,noun,B1,önlem,,"zelfstandig naamwoord (genomen maatregel) — zie ook measure (meeteenheid) (an action taken, or a unit of size)",
measure,noun,B2,ölçü,,"zelfstandig naamwoord (meeteenheid) — zie ook measure (maatregel) (an action taken, or a unit of size)",
measurement,noun,B2,ölçüm,,,
meat,noun,A1,et,,,
mechanic,noun,B2,tamirci,,,
mechanical,adjective,B2,mekanik,,,
mechanism,noun,B2,mekanizma,,,
medal,noun,B2,madalya,,,
media,noun,A2,medya,,,
medical,adjective,A2,tıbbi,,,
medication,noun,B2,ilaç,,,
medicine,noun,A2,ilaç,,zelfstandig naamwoord (medicijn) — zie ook medicine (geneeskunde),
medicine,noun,B1,tıp,,zelfstandig naamwoord (het vakgebied geneeskunde) — zie ook medicine (medicijn),
medieval,adjective,C1,ortaçağ,,,
meditation,noun,C1,meditasyon,,,
medium,adjective,B1,orta (boy),,bijvoeglijk naamwoord — zie ook medium (zelfstandig) (middle in size/amount),
medium,noun,B2,araç (iletişim aracı),,zelfstandig naamwoord — zie ook medium (bijvoeglijk) (a means of communication),
meet,verb,A1,buluşmak,tanışmak,,
meeting,noun,A1,toplantı,,,
melody,noun,C1,melodi,ezgi,,
melt,verb,B2,erimek,,,
member,noun,A1,üye,,,
membership,noun,B2,üyelik,,,
memo,noun,C1,not,muhtıra,,
memoir,noun,C1,anı kitabı,,,
memorable,adjective,B2,unutulmaz,,,
memorial,noun,C1,anıt,,,
memory,noun,A2,hafıza,anı,,
mental,adjective,B1,zihinsel,,,
mention,verb,A2,bahsetmek,,werkwoord — zie ook mention (zelfstandig naamwoord) (to refer to briefly),
mention,noun,B1,söz etme,,zelfstandig naamwoord — zie ook mention (werkwoord) (a brief reference to something),
mentor,noun,C1,akıl hocası,rehber,,
menu,noun,A1,menü,,,
merchant,noun,C1,tüccar,,,
mercy,noun,C1,merhamet,,,
mere,adjective,C1,sadece,yalnızca,,
merely,adverb,C1,sadece,yalnızca,,
merge,verb,C1,birleşmek,,,
merger,noun,C1,birleşme (şirket),,,
merit,noun,C1,liyakat,değer,,
mess,noun,B1,dağınıklık,,zelfstandig naamwoord — zie ook mess (werkwoord) (an untidy/confused state),
mess,verb,B1,dağıtmak (berbat etmek),,werkwoord — zie ook mess (zelfstandig naamwoord) (to make untidy),
message,noun,A1,mesaj,,,
metal,noun,A2,metal,,,
metaphor,noun,B2,metafor,mecaz,,
meter,noun,A1,metre,sayaç,,
method,noun,A2,yöntem,,,
methodology,noun,C1,metodoloji,yöntembilim,,
middle,noun,A2,orta,,,
midnight,noun,A1,gece yarısı,,,
midst,noun,C1,orta,,,
might,modal verb,A2,-ebilir (olasılık),,,
migration,noun,C1,göç,,,
mild,adjective,B1,hafif (ılıman),,,
mile,noun,A1,mil,,,
militant,noun,C1,militan,,,
military,adjective,B2,askeri,,,
militia,noun,C1,milis,,,
milk,noun,A1,süt,,,
mill,noun,C1,değirmen,fabrika,,
million,number,A1,milyon,,,
mind,noun,A2,zihin,akıl,zelfstandig naamwoord — zie ook mind (werkwoord) (the part that thinks),
mind,verb,B1,aldırmak (rahatsız olmak),,werkwoord — zie ook mind (zelfstandig naamwoord) (to be bothered by),
mine,pronoun,A2,benimki,,,
miner,noun,B2,madenci,,,
mineral,noun,B2,mineral,,,
minimal,adjective,C1,asgari,minimal,,
minimize,verb,C1,en aza indirmek,,,
minimum,adjective,B2,asgari,minimum,,
mining,noun,C1,madencilik,,,
minister,noun,B2,bakan,,,
ministry,noun,C1,bakanlık,,,
minor,adjective,B2,küçük (önemsiz),,,
minority,noun,B2,azınlık,,,
minute,adjective,C1,çok küçük,ayrıntılı,"zeer klein, of zeer gedetailleerd — niet te verwarren met 'minute' (minuut) (extremely small)",
minute,noun,A1,dakika,,(60 seconds),
miracle,noun,C1,mucize,,,
mirror,noun,A2,ayna,,,
miserable,adjective,B2,perişan,sefil,,
misery,noun,C1,sefalet,acı,,
misleading,adjective,C1,yanıltıcı,,,
miss,verb,A1,özlemek,kaçırmak,,
missile,noun,C1,füze,,,
missing,adjective,A2,eksik,kayıp,,
mission,noun,B2,görev (misyon),,,
mistake,noun,A1,hata,,zelfstandig naamwoord — zie ook mistake (werkwoord) (an error),
mistake,verb,B2,yanlış anlamak (karıştırmak),,werkwoord — zie ook mistake (zelfstandig naamwoord) (to wrongly identify one thing as another),
mix,verb,B1,karıştırmak,,werkwoord — zie ook mix (zelfstandig naamwoord) (to combine things together),
mix,noun,B1,karışım,,zelfstandig naamwoord — zie ook mix (werkwoord) (a combination of things),
mixed,adjective,B2,karışık,,,
mixture,noun,B1,karışım,,,
mob,noun,C1,kalabalık (öfkeli),,,
mobile,adjective,C1,mobil,hareketli,,
mobility,noun,C1,hareketlilik,,,
mobilize,verb,C1,seferber etmek,harekete geçirmek,,
mode,noun,B2,mod,tarz,,
model,noun,A1,model,,"zelfstandig naamwoord — zie ook model (werkwoord) (a representation, or a person who poses for photos)",
model,verb,B2,modellemek,,werkwoord — zie ook model (zelfstandig naamwoord) (to create a representation of),
moderate,adjective,C1,ılımlı,orta düzeyde,,
modern,adjective,A1,modern,,,
modest,adjective,B2,mütevazı,,,
modification,noun,C1,değişiklik,,,
modify,verb,B2,değiştirmek (küçük ölçekte),,,
module,noun,C1,modül,,,
mom,noun,A1,anne,,,informeel
moment,noun,A1,an,,,
momentum,noun,C1,ivme,,,
money,noun,A1,para,,,
monitor,noun,B2,ekran (monitör),,zelfstandig naamwoord — zie ook monitor (werkwoord) (a screen),
monitor,verb,B2,izlemek (denetlemek),,"werkwoord — zie ook monitor (zelfstandig naamwoord) (to watch, check regularly)",
monk,noun,C1,keşiş,,,
monkey,noun,A2,maymun,,,
monopoly,noun,C1,tekel,,,
monster,noun,B2,canavar,,,
month,noun,A1,ay (zaman),,,
monthly,adjective,B2,aylık,,,
monument,noun,B2,anıt,,,
mood,noun,B1,ruh hali,,,
moon,noun,A2,ay (gök cismi),,,
moral,adjective,B2,ahlaki,,,
morality,noun,C1,ahlak,,,
more,determiner,A1,daha fazla,,,
moreover,adverb,B2,ayrıca,dahası,,
morning,noun,A1,sabah,,,
mortgage,noun,B2,ipotek,,,
mosque,noun,B2,cami,,,
mosquito,noun,B2,sivrisinek,,,
most,determiner,A1,en fazla,çoğu,,
mostly,adverb,A2,çoğunlukla,,,
mother,noun,A1,anne,,,
motion,noun,B2,hareket,,zelfstandig naamwoord (beweging) — zie ook motion (motie),
motion,noun,C1,önerge,,zelfstandig naamwoord (motie in een vergadering/parlement) — zie ook motion (beweging),
motivate,verb,B2,motive etmek,,,
motivation,noun,B2,motivasyon,,,
motive,noun,C1,güdü,saik,,
motor,noun,B2,motor,,,
motorcycle,noun,A2,motosiklet,,,
mount,verb,B2,monte etmek (takmak),,,
mountain,noun,A1,dağ,,,
mouse,noun,A1,fare,,,
mouth,noun,A1,ağız,,,
move,verb,A1,hareket etmek,taşınmak,werkwoord — zie ook move (zelfstandig naamwoord) (to change position),
move,noun,B1,hamle,,"zelfstandig naamwoord (strategische zet, bv. schaakzet) — zie ook move (verhuizing) (a change of position, or a strategic action)",
move,noun,B2,taşınma,,"zelfstandig naamwoord (verhuizing) — zie ook move (strategische zet) (a change of position, or a strategic action)",
movement,noun,A2,hareket,,,
movie,noun,A1,film,,,
moving,adjective,B2,dokunaklı,hareket eden,,
much,determiner,A1,çok,,,
mud,noun,B1,çamur,,,
multiple,adjective,B2,çoklu,birden fazla,,
multiply,verb,B2,çarpmak (matematik),çoğaltmak,,
municipal,adjective,C1,belediyeye ait,,,
murder,noun,B1,cinayet,,zelfstandig naamwoord — zie ook murder (werkwoord),gevoelig onderwerp
murder,verb,B1,öldürmek (cinayet işlemek),,werkwoord — zie ook murder (zelfstandig naamwoord),gevoelig onderwerp
muscle,noun,B1,kas,,,
museum,noun,A1,müze,,,
music,noun,A1,müzik,,,
musical,adjective,A2,müzikal,,,
musician,noun,A2,müzisyen,,,
must,modal verb,A1,-meli,,,
mutual,adjective,C1,karşılıklı,ortak,,
my,determiner,A1,benim,,,
myself,pronoun,A2,kendim,,,
mysterious,adjective,B2,gizemli,,,
mystery,noun,B1,gizem,,,
myth,noun,B2,mit,efsane,,
nail,noun,B1,tırnak,,zelfstandig naamwoord (vingernagel) — zie ook nail (spijker),
nail,noun,B1,çivi,,zelfstandig naamwoord (spijker) — zie ook nail (vingernagel),
naked,adjective,B2,çıplak,,,
name,noun,A1,isim,,zelfstandig naamwoord — zie ook name (werkwoord) (what someone/something is called),
name,verb,A1,isim vermek,,werkwoord — zie ook name (zelfstandig naamwoord) (to give a name to),
namely,adverb,C1,yani,şöyle ki,,
narrative,noun,B1,anlatı,,,
narrow,adjective,A2,dar,,,
nasty,adjective,B2,iğrenç,kötü,,
nation,noun,B1,ulus,,,
national,adjective,A2,ulusal,,,
nationwide,adjective,C1,ülke çapında,,,
native,adjective,B1,yerli (ana dil),,,
natural,adjective,A1,doğal,,,
naturally,adverb,B1,doğal olarak,,,
nature,noun,A2,doğa,,,
naval,adjective,C1,deniz kuvvetlerine ait,,,
navigation,noun,B2,navigasyon,seyrüsefer,,
near,preposition,A1,yakın,,,
nearby,adjective,B2,yakındaki,,,
nearly,adverb,A2,neredeyse,,,
neat,adjective,B1,düzenli (temiz),,,
necessarily,adverb,B1,zorunlu olarak,,,
necessary,adjective,A2,gerekli,,,
necessity,noun,B2,gereklilik,zorunluluk,,
neck,noun,A2,boyun,,,
need,verb,A1,ihtiyaç duymak,,werkwoord — zie ook need (zelfstandig naamwoord) (to require),
need,noun,A2,ihtiyaç,,zelfstandig naamwoord — zie ook need (werkwoord) (something necessary),
needle,noun,B1,iğne,,,
negative,adjective,A1,olumsuz,,,
neglect,verb,C1,ihmal etmek,,werkwoord — zie ook neglect (zelfstandig naamwoord) (to fail to care for),
neglect,noun,C1,ihmal,,zelfstandig naamwoord — zie ook neglect (werkwoord) (the failure to care for something),
negotiate,verb,B2,müzakere etmek,,,
negotiation,noun,B2,müzakere,,,
neighbor,noun,A1,komşu,,,
neighborhood,noun,A1,mahalle,,,
neighboring,adjective,C1,komşu,,,
neither,determiner,A2,ikisi de değil,,,
nerve,noun,B2,sinir,,,
nervous,adjective,A2,gergin,sinirli,,
nest,noun,C1,yuva,,,
net,adjective,C1,net (miktar),,(remaining after deductions),
net,noun,B1,ağ,,(a mesh material),
network,noun,A2,ağ (bağlantı),,,
neutral,adjective,B2,tarafsız,nötr,,
never,adverb,A1,asla,,,
nevertheless,adverb,B2,yine de,,,
new,adjective,A1,yeni,,,
newly,adverb,B2,yeni,,,
news,noun,A1,haber,,,
newsletter,noun,C1,bülten,,,
newspaper,noun,A1,gazete,,,
next,adjective,A1,sonraki,,,
next to,preposition,A1,yanında,,,
nice,adjective,A1,güzel (hoş),,,
niche,noun,C1,niş,,,
nickel,noun,B2,nikel,beş sentlik,"metaal, of Amerikaanse 5-centmunt",
night,noun,A1,gece,,,
nightmare,noun,B2,kabus,,,
nine,number,A1,dokuz,,,
nineteen,number,A1,on dokuz,,,
ninety,number,A1,doksan,,,
no,determiner,A1,hayır,,,
no one,pronoun,A1,hiç kimse,,,
noble,adjective,C1,asil,,,
nobody,pronoun,A1,hiç kimse,,,
nod,verb,C1,başını sallamak,,,
noise,noun,A2,gürültü,,,
noisy,adjective,A2,gürültülü,,,
nominate,verb,C1,aday göstermek,,,
nomination,noun,C1,aday gösterme,,,
nominee,noun,C1,aday,,,
none,pronoun,A2,hiçbiri,,,
nonetheless,adverb,C1,yine de,buna rağmen,,
nonprofit,adjective,C1,kâr amacı gütmeyen,,,
nonsense,noun,C1,saçmalık,,,
noon,noun,C1,öğle vakti,,,
nor,conjunction,B1,ne de,,,
norm,noun,B2,norm,kural,,
normal,adjective,A2,normal,,,
normally,adverb,A2,normalde,,,
north,noun,A1,kuzey,,,
northern,adjective,B1,kuzeydeki,,,
nose,noun,A1,burun,,,
not,adverb,A1,değil,,,
notable,adjective,C1,dikkat çekici,önemli,,
notably,adverb,C1,özellikle,,,
note,verb,B1,not etmek,dikkat etmek,"werkwoord — zie ook note (zelfstandig naamwoord) (to write down, or notice)",
note,noun,A1,not,,zelfstandig naamwoord (aantekening) — zie ook note (bankbiljet) (a short written reminder),
note,noun,B1,banknot,,zelfstandig naamwoord (bankbiljet) — zie ook note (aantekening) (a short written reminder),
notebook,noun,B2,defter,,zelfstandig naamwoord (papieren schrift) — zie ook notebook (laptop),
notebook,noun,C1,dizüstü bilgisayar,,zelfstandig naamwoord (laptop) — zie ook notebook (papieren schrift),
nothing,pronoun,A1,hiçbir şey,,,
notice,verb,A2,fark etmek,,werkwoord — zie ook notice (zelfstandig naamwoord) (to become aware of),
notice,noun,A2,ilan,uyarı,zelfstandig naamwoord — zie ook notice (werkwoord) (a written announcement),
notify,verb,C1,bildirmek,haber vermek,,
notion,noun,B2,kavram,fikir,,
notorious,adjective,C1,adı kötüye çıkmış,,,
novel,adjective,C1,yeni (özgün),,(new and original),
novel,noun,A2,roman,,(a book-length fictional story),
novelist,noun,B2,romancı,,,
now,adverb,A1,şimdi,,,
nowadays,adverb,B2,günümüzde,,,
nowhere,adverb,A2,hiçbir yerde,,,
nuclear,adjective,B1,nükleer,,,
number,noun,A1,sayı,,zelfstandig naamwoord — zie ook number (werkwoord) (a numeral),
number,verb,A2,numaralandırmak,,werkwoord — zie ook number (zelfstandig naamwoord) (to assign numbers to),
numerous,adjective,B2,çok sayıda,,,
nurse,noun,A1,hemşire,,,
nursery,noun,C1,kreş,fidanlık,,
nursing,adjective,B2,hemşirelik,,,
nut,noun,A2,kuruyemiş,,zelfstandig naamwoord (noot om te eten) — zie ook nut (techniek),
nut,noun,B1,somun,,"zelfstandig naamwoord (moer, bv. bout-en-moer) — zie ook nut (voedsel)",
nutrition,noun,B2,beslenme,,,
o'clock,adverb,A1,saat (tam),,,
obesity,noun,B2,obezite,şişmanlık,,
obey,verb,B2,itaat etmek,uymak,,
object,noun,A1,nesne,,zelfstandig naamwoord — zie ook object (werkwoord) (a physical thing),
object,verb,B2,itiraz etmek,,"werkwoord — zie ook object (zelfstandig naamwoord) (to disagree, protest)",
objection,noun,C1,itiraz,,,
objective,noun,B2,hedef (amaç),,zelfstandig naamwoord — zie ook objective (bijvoeglijk) (a goal),
objective,adjective,B2,objektif,tarafsız,"bijvoeglijk naamwoord — zie ook objective (zelfstandig) (unbiased, based on facts)",
obligation,noun,B2,yükümlülük,zorunluluk,,
oblige,verb,C1,zorunlu kılmak,minnettar bırakmak,,
observation,noun,B2,gözlem,,,
observe,verb,B2,gözlemlemek,,,
observer,noun,B2,gözlemci,,,
obsess,verb,C1,saplantı haline getirmek,,,
obsession,noun,C1,saplantı,takıntı,,
obstacle,noun,B2,engel,,,
obtain,verb,B2,elde etmek,,,
obvious,adjective,B1,açık (belli),,,
obviously,adverb,B1,açıkça,,,
occasion,noun,B1,vesile (özel an),,,
occasional,adjective,C1,ara sıra olan,,,
occasionally,adverb,B2,ara sıra,,,
occupation,noun,B2,meslek,,zelfstandig naamwoord (beroep) — zie ook occupation (bezetting),
occupation,noun,C1,işgal,,zelfstandig naamwoord (militaire bezetting) — zie ook occupation (beroep),
occupy,verb,B2,işgal etmek,meşgul etmek,,
occur,verb,B1,meydana gelmek,,,
occurrence,noun,C1,olay,meydana gelme,,
ocean,noun,A1,okyanus,,,
odd,adjective,B1,tuhaf,,bijvoeglijk naamwoord (vreemd) — zie ook odd (getal),
odd,adjective,B1,tek,,bijvoeglijk naamwoord (oneven getal) — zie ook odd (vreemd),
odds,noun,C1,olasılık,ihtimal,,
of,preposition,A1,-in,,,
off,adverb,A1,kapalı (kapanmış),,,
offend,verb,B2,gücendirmek,,,
offender,noun,B2,suçlu,,,
offense,noun,B2,suç,kabahat,,
offensive,adjective,B2,saldırgan (kırıcı),,,
offer,verb,A2,teklif etmek,,"werkwoord — zie ook offer (zelfstandig naamwoord) (to propose, present)",
offer,noun,A2,teklif,,zelfstandig naamwoord — zie ook offer (werkwoord) (a proposal),
offering,noun,C1,teklif,sunulan şey,,
office,noun,A1,ofis,,,
officer,noun,A2,memur (subay),,,
official,adjective,B1,resmi,,"bijvoeglijk naamwoord — zie ook official (zelfstandig) (authorized, formal)",
official,noun,B2,yetkili,,zelfstandig naamwoord — zie ook official (bijvoeglijk) (a person holding public office),
offspring,noun,C1,yavru,döl,,
often,adverb,A1,sık sık,,,
oh,exclamation,A1,ah,,,
oil,noun,A2,yağ,,zelfstandig naamwoord (bak-/kookolie) — zie ook oil (aardolie),
oil,noun,B1,petrol,,zelfstandig naamwoord (aardolie) — zie ook oil (kookolie),
old,adjective,A1,yaşlı (eski),,,
old-fashioned,adjective,B1,eski moda,,,
on,preposition,A1,üzerinde,,,
once,adverb,A1,bir kez,,,
one,number,A1,bir (sayı),,,
ongoing,adjective,B2,devam eden,,,
onion,noun,A1,soğan,,,
online,adjective,A1,çevrimiçi,,,
only,adjective,A1,tek,yalnızca,,
onto,preposition,A2,üzerine,,,
open,adjective,A1,açık,,bijvoeglijk naamwoord — zie ook open (werkwoord) (not closed),
open,verb,A1,açmak,,werkwoord — zie ook open (bijvoeglijk) (to make no longer closed),
opening,noun,B2,açılış,,,
openly,adverb,B2,açıkça,,,
opera,noun,B2,opera,,,
operate,verb,B2,çalıştırmak,,werkwoord (een machine/bedrijf laten draaien) — zie ook operate (opereren),
operate,verb,C1,ameliyat etmek,,werkwoord (chirurgisch opereren) — zie ook operate (laten draaien),
operation,noun,B1,operasyon,,zelfstandig naamwoord (militaire/zakelijke operatie) — zie ook operation (chirurgische operatie),
operation,noun,B2,ameliyat,,zelfstandig naamwoord (chirurgische operatie) — zie ook operation (militaire/zakelijke operatie),
operational,adjective,C1,operasyonel,işlevsel,,
operator,noun,B2,operatör,,,
opinion,noun,A1,görüş (fikir),,,
opponent,noun,B2,rakip,muhalif,,
opportunity,noun,A2,fırsat,,,
oppose,verb,B2,karşı çıkmak,,,
opposed,adjective,B2,karşıt,,,
opposite,adjective,A1,karşı (zıt),,,
opposition,noun,B2,muhalefet,karşı çıkma,,
opt,verb,C1,tercih etmek,seçmek,,
optical,adjective,C1,optik,,,
optimism,noun,C1,iyimserlik,,,
optimistic,adjective,B2,iyimser,,,
option,noun,A2,seçenek,,,
or,conjunction,A1,veya,,,
oral,adjective,C1,sözlü,ağızdan,,
orange,noun,A1,portakal,,zelfstandig naamwoord (de vrucht) — zie ook orange (de kleur),
orange,noun,A1,turuncu,,zelfstandig naamwoord (de kleur) — zie ook orange (de vrucht),
orchestra,noun,B2,orkestra,,,
order,verb,A1,sipariş etmek,emretmek,"werkwoord — zie ook order (zelfstandig naamwoord) (to request goods, or command)",
order,noun,A1,sipariş,,"zelfstandig naamwoord (bestelling) — zie ook order (ordelijkheid) (a request for goods, or a command)",
order,noun,B1,düzen,,"zelfstandig naamwoord (ordelijkheid/organisatie) — zie ook order (bestelling) (a request for goods, or a command)",
ordinary,adjective,A2,sıradan,,,
organ,noun,B2,organ,,,
organic,adjective,B2,organik,,,
organization,noun,A2,organizasyon,kuruluş,,
organizational,adjective,C1,örgütsel,kurumsal,,
organize,verb,A2,organize etmek,düzenlemek,,
organized,adjective,B1,düzenli (organize),,,
organizer,noun,B1,organizatör,,,
orientation,noun,C1,oryantasyon,yönelim,,
origin,noun,B2,köken,,,
original,adjective,A2,orijinal,,"bijvoeglijk naamwoord — zie ook original (zelfstandig) (the first, not a copy)",
original,noun,B1,orijinal (eser),,"zelfstandig naamwoord — zie ook original (bijvoeglijk) (the first version, not a copy)",
originally,adverb,B1,aslen,başlangıçta,,
originate,verb,C1,kaynaklanmak,ortaya çıkmak,,
other,adjective,A1,diğer,,,
otherwise,adverb,B2,aksi takdirde,,,
ought,modal verb,B1,-meli (tavsiye),,,
our,determiner,A1,bizim,,,
ours,pronoun,B1,bizimki,,,
ourselves,pronoun,A2,kendimiz,,,
out,adverb,A1,dışarı,,,
outbreak,noun,C1,salgın,patlak verme,,
outcome,noun,B2,sonuç,,,
outdoor,adjective,B1,açık hava,,,
outdoors,adverb,B1,açık havada,,,
outer,adjective,B2,dış,,,
outfit,noun,B2,kıyafet,kombin,,
outing,noun,C1,gezi,,,
outlet,noun,C1,mağaza,,zelfstandig naamwoord (winkel/outlet) — zie ook outlet (stopcontact),
outlet,noun,C1,priz,,zelfstandig naamwoord (stopcontact) — zie ook outlet (winkel),
outline,noun,B2,taslak (ana hatlar),,zelfstandig naamwoord — zie ook outline (werkwoord) (a summary of the main points),
outline,verb,B2,ana hatlarını çizmek,,werkwoord — zie ook outline (zelfstandig naamwoord) (to give the main points of),
outlook,noun,C1,bakış açısı,görünüm,,
output,noun,B2,çıktı,,,
outrage,noun,C1,öfke,,zelfstandig naamwoord — zie ook outrage (werkwoord) (strong anger),
outrage,verb,C1,öfkelendirmek,,werkwoord — zie ook outrage (zelfstandig naamwoord) (to make very angry),
outside,adverb,A1,dışarıda,,zie ook outside (voorzetsel/zelfstandig/bijvoeglijk) (out of doors),
outside,preposition,A2,dışında,,zie ook outside (bijwoord) (external to),
outsider,noun,C1,yabancı (dışarıdan),dışlanmış kişi,,
outstanding,adjective,B2,olağanüstü,,bijvoeglijk naamwoord (uitstekend) — zie ook outstanding (onbetaald),
outstanding,adjective,C1,ödenmemiş,,"bijvoeglijk naamwoord (onbetaald, bv. openstaande schuld) — zie ook outstanding (uitstekend)",
oven,noun,A2,fırın,,,
over,preposition,A1,üzerinde (üstünde),,,
overall,adjective,B2,genel (toplam),,,
overcome,verb,B2,üstesinden gelmek,,,
overlook,verb,C1,göz ardı etmek,yukarıdan bakmak,,
overly,adverb,C1,aşırı derecede,,,
overnight,adverb,B2,bir gecede,gece boyunca,,
overseas,adverb,A2,denizaşırı,yurt dışında,,
oversee,verb,C1,denetlemek,gözetmek,,
overturn,verb,C1,tersine çevirmek,bozmak (karar),,
overwhelm,verb,C1,bunaltmak,altında ezmek,,
overwhelming,adjective,C1,ezici,bunaltıcı,,
owe,verb,B2,borçlu olmak,,,
own,adjective,A1,kendi,,bijvoeglijk naamwoord — zie ook own (werkwoord) (belonging to oneself),
own,verb,A2,sahip olmak,,werkwoord — zie ook own (bijvoeglijk) (to possess),
owner,noun,A2,sahip (mal sahibi),,,
ownership,noun,B2,mülkiyet,sahiplik,,
oxygen,noun,B2,oksijen,,,
pace,noun,B2,hız (tempo),,zelfstandig naamwoord — zie ook pace (werkwoord) (speed of movement),
pace,verb,B2,adımlamak,,werkwoord — zie ook pace (zelfstandig naamwoord) (to walk back and forth),
pack,verb,A2,paketlemek (bavul hazırlamak),,werkwoord — zie ook pack (zelfstandig naamwoord) (to put items together for carrying),
pack,noun,B1,paket,,"zelfstandig naamwoord (pakket) — zie ook pack (roedel) (a bundle, group of items)",
pack,noun,B2,sürü,,"zelfstandig naamwoord (roedel dieren, bv. wolvenroedel) — zie ook pack (pakket) (a bundle, group of items)",
package,noun,B1,paket,,zelfstandig naamwoord — zie ook package (werkwoord) (a wrapped parcel),
package,verb,B2,paketlemek,,werkwoord — zie ook package (zelfstandig naamwoord) (to wrap up as a parcel),
packet,noun,B2,paket,,,
pad,noun,C1,ped,tampon,,
page,noun,A1,sayfa,,,
pain,noun,A2,ağrı,acı,,
painful,adjective,B1,acı verici,,,
paint,verb,A1,boyamak,,werkwoord — zie ook paint (zelfstandig naamwoord) (to cover with colored liquid),
paint,noun,A1,boya,,zelfstandig naamwoord — zie ook paint (werkwoord) (colored liquid for coating surfaces),
painter,noun,A2,ressam,,,
painting,noun,A1,tablo,,zelfstandig naamwoord (het schilderij zelf) — zie ook painting (het schilderen),
painting,noun,B1,resim yapma,,zelfstandig naamwoord (het schilderen als activiteit) — zie ook painting (het schilderij),
pair,noun,A1,çift,,,
palace,noun,A2,saray,,,
pale,adjective,B1,soluk (solgun),,,
palm,noun,B2,avuç içi,,zelfstandig naamwoord (handpalm) — zie ook palm (palmboom),
palm,noun,C1,palmiye,,zelfstandig naamwoord (palmboom) — zie ook palm (handpalm),
pan,noun,B1,tava,,,
panel,noun,B2,panel,,,
panic,noun,B2,panik,,,
pants,noun,A1,pantolon,,,
paper,noun,A1,kağıt,,,
parade,noun,B2,geçit töreni,,,
paragraph,noun,A1,paragraf,,,
parallel,adjective,B2,paralel,,"bijvoeglijk naamwoord — zie ook parallel (zelfstandig) (running side by side, never meeting)",
parallel,noun,B2,paralel,denklik,"zelfstandig naamwoord — zie ook parallel (bijvoeglijk) (a similarity, comparison)",
parameter,noun,C1,parametre,,,
parent,noun,A1,ebeveyn,,,
parental,adjective,C1,ebeveynlere ait,,,
park,noun,A1,park,,zelfstandig naamwoord — zie ook park (werkwoord) (a public green area),
park,verb,A1,park etmek,,werkwoord — zie ook park (zelfstandig naamwoord) (to leave a vehicle somewhere),
parking,noun,A2,park etme,,,
parliament,noun,C1,parlamento,meclis,,
part,noun,A1,parça,,,
part-time,adjective,B2,yarı zamanlı,,,
partial,adjective,C1,kısmi,,,
partially,adverb,C1,kısmen,,,
participant,noun,B2,katılımcı,,,
participate,verb,B1,katılmak,,,
participation,noun,B2,katılım,,,
particular,adjective,A2,belirli,özel,,
particularly,adverb,B1,özellikle,,,
partly,adverb,B2,kısmen,,,
partner,noun,A1,ortak,,,
partnership,noun,B2,ortaklık,,,
party,noun,A1,parti,,,
pass,verb,A2,geçmek,,"werkwoord — zie ook pass (zelfstandig naamwoord) (to move past, or to succeed at a test)",
pass,noun,B1,geçiş (kart),paso,"zelfstandig naamwoord — zie ook pass (werkwoord) (a permit, or a route through mountains)",
passage,noun,B2,geçit,,zelfstandig naamwoord (gang/doorgang) — zie ook passage (tekstfragment),
passage,noun,C1,metin parçası,,zelfstandig naamwoord (tekstfragment/passage uit een tekst) — zie ook passage (gang),
passenger,noun,A2,yolcu,,,
passing,noun,C1,geçiş,,"zelfstandig naamwoord (het voorbijgaan, bv. van tijd) — zie ook passing (overlijden)",
passing,noun,C1,vefat,,"zelfstandig naamwoord (overlijden, eufemistisch) — zie ook passing (voorbijgaan)",
passion,noun,B1,tutku,,,
passionate,adjective,B2,tutkulu,,,
passive,adjective,C1,pasif,,,
passport,noun,A1,pasaport,,,
password,noun,B2,şifre,parola,,
past,adjective,A1,geçmiş,,,
pastor,noun,C1,papaz,,,
patch,noun,B2,yama,,,
patent,noun,C1,patent,,,
path,noun,B1,patika,yol,,
pathway,noun,C1,yol,patika,,
patience,noun,B2,sabır,,,
patient,noun,A2,hasta,,zelfstandig naamwoord — zie ook patient (bijvoeglijk) (someone receiving medical care),
patient,adjective,B2,sabırlı,,bijvoeglijk naamwoord — zie ook patient (zelfstandig) (able to wait calmly),
patrol,noun,C1,devriye,,zelfstandig naamwoord — zie ook patrol (werkwoord) (a group that guards an area),
patrol,verb,C1,devriye gezmek,,werkwoord — zie ook patrol (zelfstandig naamwoord) (to walk/travel around an area to guard it),
patron,noun,C1,müşteri,,zelfstandig naamwoord (vaste klant) — zie ook patron (weldoener),
patron,noun,C1,hami,,zelfstandig naamwoord (weldoener/beschermheer) — zie ook patron (klant),
pattern,noun,A2,desen,kalıp,,
pause,verb,B2,duraklamak,,werkwoord — zie ook pause (zelfstandig naamwoord) (to stop temporarily),
pause,noun,B2,duraklama,mola,zelfstandig naamwoord — zie ook pause (werkwoord) (a temporary stop),
pay,verb,A1,ödemek,,werkwoord — zie ook pay (zelfstandig naamwoord) (to give money for something),
pay,noun,A2,maaş,,"zelfstandig naamwoord — zie ook pay (werkwoord) (wages, salary)",
payment,noun,B1,ödeme,,,
peace,noun,A2,barış,,,
peaceful,adjective,B1,huzurlu (barışçıl),,,
peak,noun,C1,zirve,,,
peasant,noun,C1,köylü,,,
peculiar,adjective,C1,tuhaf,kendine özgü,,
peer,noun,B2,akran,,,
pen,noun,A1,kalem (tükenmez),,,
penalty,noun,B2,ceza,,,
pencil,noun,A1,kurşun kalem,,,
penny,noun,A2,peni,,,
pension,noun,C1,emekli maaşı,,,
people,noun,A1,insanlar,,,
pepper,noun,A1,biber,,,
per,preposition,A2,başına,,,
perceive,verb,B2,algılamak,,,
percent,noun,A2,yüzde,,,
percentage,noun,B1,yüzde oranı,,,
perception,noun,B2,algı,,,
perfect,adjective,A1,mükemmel,,,
perfectly,adverb,B1,mükemmel bir şekilde,,,
perform,verb,A2,gerçekleştirmek,,werkwoord (een taak uitvoeren) — zie ook perform (optreden),
perform,verb,B1,sahne almak,,werkwoord (optreden op een podium) — zie ook perform (uitvoeren),
performance,noun,B1,performans,,,
perhaps,adverb,A2,belki,,,
period,noun,A1,dönem,,,
permanent,adjective,B2,kalıcı,,,
permanently,adverb,B2,kalıcı olarak,,,
permission,noun,A2,izin,,,
permit,verb,B2,izin vermek,,werkwoord — zie ook permit (zelfstandig naamwoord) (to allow),
permit,noun,B2,izin belgesi,,zelfstandig naamwoord — zie ook permit (werkwoord) (an official document allowing something),
persist,verb,C1,ısrar etmek,devam etmek,,
persistent,adjective,C1,ısrarcı,sürekli,,
person,noun,A1,kişi,,,
personal,adjective,A1,kişisel,,,
personality,noun,A2,kişilik,,,
personally,adverb,B1,şahsen,,,
personnel,noun,C1,personel,,,
perspective,noun,B2,bakış açısı,perspektif,,
persuade,verb,B1,ikna etmek,,,
pet,noun,A2,evcil hayvan,,,
petition,noun,C1,dilekçe,,,
pharmacy,noun,B2,eczane,,,
phase,noun,B2,evre (aşama),,,
phenomenon,noun,B2,fenomen (olgu),,,
philosopher,noun,C1,filozof,,,
philosophical,adjective,C1,felsefi,,,
philosophy,noun,B2,felsefe,,,
phone,noun,A1,telefon,,zelfstandig naamwoord — zie ook phone (werkwoord) (the device for calling),
phone,verb,A1,telefon etmek,,werkwoord — zie ook phone (zelfstandig naamwoord) (to call on the telephone),
photo,noun,A1,fotoğraf,,,
photograph,noun,A1,fotoğraf,,zelfstandig naamwoord — zie ook photograph (werkwoord) (a picture taken by camera),
photograph,verb,A2,fotoğraflamak,,werkwoord — zie ook photograph (zelfstandig naamwoord) (to take a picture of with a camera),
photographer,noun,B1,fotoğrafçı,,,
photography,noun,B1,fotoğrafçılık,,,
phrase,noun,A1,ifade (deyim),,,
physical,adjective,A2,fiziksel,,,
physician,noun,B2,doktor,hekim,,
physics,noun,A2,fizik,,,
piano,noun,A1,piyano,,,
pick,verb,A2,seçmek,toplamak,werkwoord — zie ook pick (zelfstandig naamwoord) (to choose),
pick,noun,B2,seçim (tercih),,zelfstandig naamwoord — zie ook pick (werkwoord) (a choice),
picture,noun,A1,resim,,zelfstandig naamwoord — zie ook picture (werkwoord) (an image),
picture,verb,B2,hayal etmek (canlandırmak),,werkwoord — zie ook picture (zelfstandig naamwoord) (to imagine),
piece,noun,A1,parça,,,
pig,noun,A1,domuz,,,
pile,noun,B2,yığın,,zelfstandig naamwoord — zie ook pile (werkwoord) (a stacked heap),
pile,verb,B2,yığmak,,werkwoord — zie ook pile (zelfstandig naamwoord) (to stack up),
pill,noun,B2,hap,,,
pilot,noun,A2,pilot,,,
pin,noun,B1,toplu iğne,,zelfstandig naamwoord — zie ook pin (werkwoord) (a small pointed fastener),
pin,verb,B1,iğnelemek (tutturmak),,werkwoord — zie ook pin (zelfstandig naamwoord) (to fasten with a pin),
pink,adjective,A1,pembe,,,
pioneer,noun,C1,öncü,,zelfstandig naamwoord — zie ook pioneer (werkwoord) (someone who is first to do something),
pioneer,verb,C1,öncülük etmek,,werkwoord — zie ook pioneer (zelfstandig naamwoord) (to be the first to develop something),
pipe,noun,B1,boru,,zelfstandig naamwoord (leidingbuis) — zie ook pipe (rookpijp),
pipe,noun,B2,pipo,,zelfstandig naamwoord (rookpijp) — zie ook pipe (leidingbuis),
pipeline,noun,C1,boru hattı,,,
pirate,noun,C1,korsan,,,
pit,noun,C1,çukur,,,
pitch,noun,B2,perde,,zelfstandig naamwoord (toonhoogte) — zie ook pitch (sportveld),
pitch,noun,B2,saha,,zelfstandig naamwoord (sportveld) — zie ook pitch (toonhoogte),
pity,noun,B2,acıma,yazık,,
place,noun,A1,yer,,zelfstandig naamwoord — zie ook place (werkwoord) (a location),
place,verb,B1,yerleştirmek,,werkwoord — zie ook place (zelfstandig naamwoord) (to put in a particular position),
placement,noun,B2,yerleştirme,,,
plain,adjective,B2,sade,,bijvoeglijk naamwoord (eenvoudig/onopgesmukt) — zie ook plain (duidelijk),
plain,adjective,C1,açık,,bijvoeglijk naamwoord (duidelijk/overduidelijk) — zie ook plain (eenvoudig),
plan,noun,A1,plan,,zelfstandig naamwoord — zie ook plan (werkwoord) (a scheme for doing something),
plan,verb,A1,planlamak,,werkwoord — zie ook plan (zelfstandig naamwoord) (to decide in advance how to do something),
plane,noun,A1,uçak,,,
planet,noun,A2,gezegen,,,
planning,noun,B1,planlama,,,
plant,noun,A1,bitki,fabrika (tesis),zelfstandig naamwoord — zie ook plant (werkwoord) (a living organism like a tree/flower),
plant,verb,A2,dikmek (ekmek),,werkwoord — zie ook plant (zelfstandig naamwoord) (to put a seed/plant in the ground),
plastic,noun,A2,plastik,,,
plate,noun,A2,tabak,,,
platform,noun,A2,platform,,"zelfstandig naamwoord (algemeen platform, bv. politiek/tech) — zie ook platform (perron)",
platform,noun,B1,peron,,zelfstandig naamwoord (treinperron) — zie ook platform (algemeen platform),
play,verb,A1,oynamak,,werkwoord — zie ook play (zelfstandig naamwoord) (to take part in a game/activity for fun),
play,noun,A1,oyun (tiyatro),,zelfstandig naamwoord — zie ook play (werkwoord) (a stage drama),
player,noun,A1,oyuncu,,,
plea,noun,C1,yalvarış,savunma (hukuki),,
plead,verb,C1,yalvarmak,savunmasını yapmak,,
pleasant,adjective,B1,hoş (keyifli),,,
please,exclamation,A1,lütfen,,,
pleased,adjective,A2,memnun,,,
pleasure,noun,B1,zevk (keyif),,,
pledge,verb,C1,söz vermek,,werkwoord — zie ook pledge (zelfstandig naamwoord) (to solemnly promise),
pledge,noun,C1,söz,taahhüt,zelfstandig naamwoord — zie ook pledge (werkwoord) (a solemn promise),
plenty,pronoun,B1,bol miktarda,,,
plot,verb,B2,plan kurmak (komplo),,werkwoord — zie ook plot (zelfstandig naamwoord) (to secretly plan),
plot,noun,B1,olay örgüsü,,"zelfstandig naamwoord (verhaallijn) — zie ook plot (samenzwering) (the storyline, or a secret plan)",
plot,noun,B2,komplo,,"zelfstandig naamwoord (samenzwering) — zie ook plot (verhaallijn) (the storyline, or a secret plan)",
plug,verb,C1,fişe takmak,tıkamak,werkwoord — zie ook plug (zelfstandig naamwoord) (to connect to an electrical socket),
plug,noun,C1,fiş,,zelfstandig naamwoord (stekker) — zie ook plug (stop) (a device that connects to an electrical socket),
plug,noun,C1,tıkaç,,"zelfstandig naamwoord (stop, bv. badstop) — zie ook plug (stekker) (a device that connects to an electrical socket)",
plunge,verb,C1,aniden düşmek,dalmak,,
plus,preposition,B1,artı,,,
pocket,noun,A2,cep,,,
poem,noun,B1,şiir,,,
poet,noun,B1,şair,,,
poetry,noun,B1,şiir (tür),,,
point,verb,B1,işaret etmek,,werkwoord — zie ook point (zelfstandig naamwoord) (to indicate with a finger),
point,noun,A1,nokta,,"zelfstandig naamwoord (stip/plek) — zie ook point (punt/score) (a sharp end, or a specific idea)",
point,noun,B1,puan,,"zelfstandig naamwoord (score/punt bij een spel) — zie ook point (stip) (a sharp end, or a specific idea)",
pointed,adjective,B2,sivri,,,
poison,noun,B1,zehir,,zelfstandig naamwoord — zie ook poison (werkwoord) (a substance that harms/kills),
poison,verb,B1,zehirlemek,,werkwoord — zie ook poison (zelfstandig naamwoord) (to harm/kill with a poisonous substance),
poisonous,adjective,B1,zehirli,,,
pole,noun,C1,direk,,zelfstandig naamwoord (fysieke paal/stok) — zie ook pole (aardpool),
pole,noun,C1,kutup,,"zelfstandig naamwoord (geografische pool, bv. Noordpool) — zie ook pole (paal)",
police,noun,A1,polis,,,
policeman,noun,A1,polis memuru,,,
policy,noun,B1,politika (ilke),,,
polite,adjective,A2,kibar,,,
political,adjective,B1,siyasi,,,
politician,noun,B1,politikacı,,,
politics,noun,B1,siyaset,,,
poll,noun,C1,anket,oylama,,
pollution,noun,A2,kirlilik,,,
pond,noun,C1,gölet,,,
pool,noun,A1,havuz,,,
poor,adjective,A1,fakir (zavallı),,,
pop,verb,C1,patlamak,,"(to make a short sharp sound, burst)",
pop,noun,A2,pop (müzik),,(popular music),
popular,adjective,A1,popüler,,,
popularity,noun,B2,popülerlik,,,
population,noun,A2,nüfus,,,
port,noun,B1,liman,,,
portfolio,noun,C1,portföy,,,
portion,noun,B2,kısım,porsiyon,,
portrait,noun,B1,portre,,,
portray,verb,C1,tasvir etmek,,werkwoord (beschrijven/uitbeelden) — zie ook portray (een rol spelen),
portray,verb,C1,canlandırmak,,werkwoord (een rol/personage spelen) — zie ook portray (beschrijven),
pose,verb,B2,poz vermek,,werkwoord (poseren voor een foto) — zie ook pose (een probleem vormen),
pose,verb,C1,yol açmak,,werkwoord (een probleem/risico veroorzaken) — zie ook pose (poseren),
position,noun,A2,konum,pozisyon,"zelfstandig naamwoord — zie ook position (werkwoord) (a location, or a job/rank)",
position,verb,B2,konumlandırmak,,werkwoord — zie ook position (zelfstandig naamwoord) (to place in a particular spot),
positive,adjective,A1,olumlu,,,
possess,verb,B2,sahip olmak,,,
possession,noun,A2,mülk (eşya),,,
possibility,noun,A2,olasılık,,,
possible,adjective,A1,mümkün,,,
possibly,adverb,B1,muhtemelen,,,
post,noun,A1,gönderi,,"zelfstandig naamwoord (bericht op sociale media) — zie ook post (postdienst) (a piece of content shared online, or mail)",
post,noun,A2,posta,,"zelfstandig naamwoord (postdienst/post) — zie ook post (social media-bericht) (a piece of content shared online, or mail)",
post,verb,A1,paylaşmak,,"werkwoord (online plaatsen) — zie ook post (per post versturen) (to share content online, or send by mail)",
post,verb,A2,postalamak,,"werkwoord (per post versturen) — zie ook post (online plaatsen) (to share content online, or send by mail)",
poster,noun,A2,poster,,,
postpone,verb,C1,ertelemek,,,
postwar,adjective,C1,savaş sonrası,,,
pot,noun,B1,tencere,,zelfstandig naamwoord (kookpan) — zie ook pot (bloempot),
pot,noun,B2,saksı,,zelfstandig naamwoord (bloempot) — zie ook pot (kookpan),
potato,noun,A1,patates,,,
potential,adjective,B2,potansiyel,,,
potentially,adverb,B2,potansiyel olarak,,,
pound,noun,A1,paund (sterlin/kilo),,,
pour,verb,B1,dökmek,,,
poverty,noun,B1,yoksulluk,,,
powder,noun,B1,toz,,,
power,noun,A2,güç,,"zelfstandig naamwoord — zie ook power (werkwoord) (strength, ability to control)",
power,verb,B2,güç sağlamak,,werkwoord — zie ook power (zelfstandig naamwoord) (to supply energy to),
powerful,adjective,B1,güçlü,,,
practical,adjective,B1,pratik (uygulamalı),,,
practice,noun,A1,pratik (alıştırma),,zelfstandig naamwoord — zie ook practice (werkwoord) (repeated exercise to improve a skill),
practice,verb,A1,pratik yapmak,,werkwoord — zie ook practice (zelfstandig naamwoord) (to repeatedly exercise a skill),
practitioner,noun,C1,uygulayıcı,hekim,,
praise,noun,B2,övgü,,zelfstandig naamwoord — zie ook praise (werkwoord) (an expression of approval),
praise,verb,B2,övmek,,werkwoord — zie ook praise (zelfstandig naamwoord) (to express approval of),
pray,verb,B1,dua etmek,,,
prayer,noun,B1,dua,,,
preach,verb,C1,vaaz vermek,öğütlemek,,
precede,verb,B2,önce gelmek,,,
precedent,noun,C1,emsal,,,
precious,adjective,B2,değerli,kıymetli,,
precise,adjective,B2,kesin,tam,,
precisely,adverb,B2,tam olarak,kesinlikle,,
precision,noun,C1,hassasiyet,kesinlik,,
predator,noun,C1,yırtıcı hayvan,avcı,,
predecessor,noun,C1,selef,,,
predict,verb,A2,tahmin etmek,,,
predictable,adjective,B2,tahmin edilebilir,,,
prediction,noun,B1,tahmin,,,
predominantly,adverb,C1,ağırlıklı olarak,,,
prefer,verb,A1,tercih etmek,,,
preference,noun,B2,tercih,,,
pregnancy,noun,C1,hamilelik,gebelik,,
pregnant,adjective,B2,hamile,,,
prejudice,noun,C1,önyargı,,,
preliminary,adjective,C1,ön,hazırlık niteliğinde,,
premier,noun,C1,başbakan,,,
premise,noun,C1,önerme,varsayım,,
premium,noun,C1,prim,ödül,,
preparation,noun,B2,hazırlık,,,
prepare,verb,A1,hazırlamak,,,
prepared,adjective,B1,hazır,,,
prescribe,verb,C1,reçete yazmak,öngörmek,,
prescription,noun,C1,reçete,,,
presence,noun,B2,varlık (hazır bulunma),,,
present,adjective,A1,mevcut (hazır),,"bijvoeglijk naamwoord — zie ook present (zelfstandig/werkwoord) (currently existing, or in attendance)",
present,verb,A2,sunmak,,werkwoord — zie ook present (zelfstandig/bijvoeglijk) (to formally give/show),
present,noun,A1,hediye,,zelfstandig naamwoord (cadeau) — zie ook present (tegenwoordige tijd) (a gift),
present,noun,B2,şimdiki zaman,,zelfstandig naamwoord (grammaticale tegenwoordige tijd) — zie ook present (cadeau) (a gift),
presentation,noun,B1,sunum,,,
presently,adverb,C1,şu anda,yakında,,
preservation,noun,C1,koruma,,,
preserve,verb,B2,korumak,,,
preside,verb,C1,başkanlık etmek,,,
presidency,noun,C1,başkanlık,,,
president,noun,A2,başkan,,,
presidential,adjective,B2,başkanlıkla ilgili,,,
press,verb,B1,basmak (bastırmak),,werkwoord — zie ook press (zelfstandig naamwoord) (to push firmly),
press,noun,B1,basın,,zelfstandig naamwoord — zie ook press (werkwoord) (newspapers/journalists),
pressure,noun,B1,baskı (basınç),,,
prestigious,adjective,C1,prestijli,itibarlı,,
presumably,adverb,C1,muhtemelen,,,
presume,verb,C1,varsaymak,,,
pretend,verb,B1,numara yapmak (rol yapmak),,,
pretty,adjective,A1,güzel (şirin),,,
prevail,verb,C1,üstün gelmek,hakim olmak,,
prevalence,noun,C1,yaygınlık,,,
prevent,verb,A2,önlemek,,,
prevention,noun,C1,önleme,,,
previous,adjective,B1,önceki,,,
previously,adverb,B1,daha önce,,,
prey,noun,C1,av,,,
price,noun,A1,fiyat,,zelfstandig naamwoord — zie ook price (werkwoord) (the amount of money needed to buy something),
price,verb,B2,fiyatlandırmak,,werkwoord — zie ook price (zelfstandig naamwoord) (to set the cost of),
pride,noun,B2,gurur,,,
priest,noun,B1,rahip,,,
primarily,adverb,B2,öncelikle,esas olarak,,
primary,adjective,B1,birincil,ilkokula ait,,
prime,adjective,B2,başlıca,,bijvoeglijk naamwoord (voornaamste) — zie ook prime (priemgetal),
prime,adjective,C1,asal,,"bijvoeglijk naamwoord (priemgetal, wiskunde) — zie ook prime (voornaamste)",
prince,noun,B1,prens,,,
princess,noun,B1,prenses,,,
principal,adjective,B2,başlıca,,"bijvoeglijk naamwoord — zie ook principal (zelfstandig) (main, most important)",
principal,noun,B1,müdür,,zelfstandig naamwoord (schooldirecteur) — zie ook principal (hoofdsom) (the head of a school),
principal,noun,C1,anapara,,zelfstandig naamwoord (hoofdsom van een lening) — zie ook principal (schooldirecteur) (the head of a school),
principle,noun,B2,ilke,,,
print,verb,A2,yazdırmak,,werkwoord — zie ook print (zelfstandig naamwoord) (to produce text/images with a machine),
print,noun,B2,baskı,,zelfstandig naamwoord — zie ook print (werkwoord) (text/images produced by a machine),
printer,noun,A2,yazıcı,,,
printing,noun,B1,baskı (matbaa),,,
prior,adjective,B2,önceki,,,
priority,noun,B2,öncelik,,,
prison,noun,A2,hapishane,,,
prisoner,noun,B1,mahkum,tutsak,,
privacy,noun,B2,mahremiyet,gizlilik,,
private,adjective,B1,özel,,,
privatization,noun,C1,özelleştirme,,,
privilege,noun,C1,ayrıcalık,,,
prize,noun,A2,ödül,,,
probability,noun,B2,olasılık,,,
probable,adjective,B2,olası,muhtemel,,
probably,adverb,A1,muhtemelen,,,
probe,noun,C1,soruşturma,,zelfstandig naamwoord — zie ook probe (werkwoord) (a thorough investigation),
probe,verb,C1,araştırmak,,werkwoord — zie ook probe (zelfstandig naamwoord) (to investigate thoroughly),
problem,noun,A1,sorun,,,
problematic,adjective,C1,sorunlu,,,
procedure,noun,B2,prosedür,yöntem,,
proceed,verb,B2,devam etmek,ilerlemek,,
proceeding,noun,C1,dava süreci,işlem,,
proceeds,noun,C1,gelir,hasılat,,
process,noun,A2,süreç,,zelfstandig naamwoord — zie ook process (werkwoord) (a series of steps),
process,verb,B2,işlemek (veri),,werkwoord — zie ook process (zelfstandig naamwoord) (to handle through a series of steps),
processing,noun,C1,işleme,,,
processor,noun,C1,işlemci,,,
proclaim,verb,C1,ilan etmek,,,
produce,verb,A2,üretmek,yapımcılığını yapmak,,
producer,noun,B1,yapımcı,,,
product,noun,A1,ürün,,,
production,noun,B1,üretim,,,
productive,adjective,C1,üretken,verimli,,
productivity,noun,C1,üretkenlik,,,
profession,noun,B1,meslek,,,
professional,adjective,A2,profesyonel,,"bijvoeglijk naamwoord — zie ook professional (zelfstandig) (relating to a paid occupation, skilled)",
professional,noun,B2,profesyonel (kişi),,zelfstandig naamwoord — zie ook professional (bijvoeglijk) (someone working in a skilled paid occupation),
professor,noun,A2,profesör,,,
profile,noun,A2,profil,,,
profit,noun,B1,kâr,,,
profitable,adjective,C1,kârlı,,,
profound,adjective,C1,derin,köklü,,
program,noun,A1,program,,"zelfstandig naamwoord — zie ook program (werkwoord) (a planned series of events, or software)",
program,verb,B1,programlamak,,werkwoord — zie ook program (zelfstandig naamwoord) (to write instructions for a computer),
programming,noun,B2,programlama,,,
progress,noun,A2,ilerleme,,"zelfstandig naamwoord — zie ook progress (werkwoord) (forward movement, improvement)",
progress,verb,A2,ilerlemek,,"werkwoord — zie ook progress (zelfstandig naamwoord) (to move forward, improve)",
progressive,adjective,B2,ilerici,aşamalı,,
prohibit,verb,B2,yasaklamak,,,
project,noun,A1,proje,,zelfstandig naamwoord — zie ook project (werkwoord) (a planned piece of work),
project,verb,B2,yansıtmak (öngörmek),,"werkwoord — zie ook project (zelfstandig naamwoord) (to estimate for the future, or cast an image)",
projection,noun,C1,tahmin,yansıtma,,
prominent,adjective,C1,önde gelen,belirgin,,
promise,verb,A2,söz vermek,,werkwoord — zie ook promise (zelfstandig naamwoord) (to firmly commit to),
promise,noun,A2,söz,vaat,zelfstandig naamwoord — zie ook promise (werkwoord) (a firm commitment),
promising,adjective,B2,umut vadeden,,,
promote,verb,B1,terfi ettirmek,tanıtmak,,
promotion,noun,B2,terfi,tanıtım,,
prompt,verb,B2,harekete geçirmek,,,
pronounce,verb,A2,telaffuz etmek,,,
pronounced,adjective,C1,belirgin,,,
proof,noun,B2,kanıt,,,
propaganda,noun,C1,propaganda,,,
proper,adjective,B1,uygun (doğru),,,
properly,adverb,B1,düzgün bir şekilde,,,
property,noun,B1,mülk,,zelfstandig naamwoord (eigendom/vastgoed) — zie ook property (eigenschap),
property,noun,B2,özellik,,zelfstandig naamwoord (kenmerk/eigenschap) — zie ook property (eigendom),
proportion,noun,B2,oran,,,
proposal,noun,B2,teklif (öneri),,,
propose,verb,B2,önermek,evlenme teklif etmek,,
proposition,noun,C1,öneri,önerme,,
prosecute,verb,C1,kovuşturmak,dava açmak,,
prosecution,noun,C1,kovuşturma,iddia makamı,,
prosecutor,noun,C1,savcı,,,
prospect,noun,B2,olasılık,beklenti,,
prospective,adjective,C1,olası,müstakbel,,
prosperity,noun,C1,refah,,,
protect,verb,A2,korumak,,,
protection,noun,B2,koruma,,,
protective,adjective,C1,koruyucu,,,
protein,noun,B2,protein,,,
protest,noun,B1,protesto,,zelfstandig naamwoord — zie ook protest (werkwoord) (a public objection),
protest,verb,B1,protesto etmek,,werkwoord — zie ook protest (zelfstandig naamwoord) (to publicly object to),
protester,noun,B2,protestocu,,,
protocol,noun,C1,protokol,,,
proud,adjective,B1,gururlu,,,
prove,verb,B1,kanıtlamak,,,
provide,verb,A2,sağlamak,,,
province,noun,C1,il,eyalet,,
provincial,adjective,C1,taşra ile ilgili,,,
provision,noun,C1,hüküm,,zelfstandig naamwoord (juridische bepaling) — zie ook provision (voorziening),
provision,noun,C1,tedarik,,zelfstandig naamwoord (voorziening/levering) — zie ook provision (juridische bepaling),
provoke,verb,C1,kışkırtmak,tetiklemek,,
psychiatric,adjective,C1,psikiyatrik,,,
psychological,adjective,B2,psikolojik,,,
psychologist,noun,B2,psikolog,,,
psychology,noun,B2,psikoloji,,,
public,adjective,A2,kamusal,,bijvoeglijk naamwoord — zie ook public (zelfstandig) (open to everyone),
public,noun,A2,halk,,zelfstandig naamwoord — zie ook public (bijvoeglijk) (people in general),
publication,noun,B2,yayın,,,
publicity,noun,B2,tanıtım,reklam,,
publish,verb,A2,yayınlamak,,,
publishing,noun,B2,yayıncılık,,,
pull,verb,A2,çekmek,,werkwoord — zie ook pull (zelfstandig naamwoord) (to drag toward oneself),
pull,noun,B1,çekiş,,zelfstandig naamwoord — zie ook pull (werkwoord) (the act of dragging toward oneself),
pulse,noun,C1,nabız,,,
pump,noun,C1,pompa,,zelfstandig naamwoord — zie ook pump (werkwoord) (a device that moves liquid/gas),
pump,verb,C1,pompalamak,,werkwoord — zie ook pump (zelfstandig naamwoord) (to move liquid/gas with a pump),
punch,noun,C1,yumruk,,zelfstandig naamwoord — zie ook punch (werkwoord) (a hit with a closed fist),
punch,verb,C1,yumruklamak,,werkwoord — zie ook punch (zelfstandig naamwoord) (to hit with a closed fist),
punish,verb,B1,cezalandırmak,,,
punishment,noun,B1,ceza,,,
punk,noun,B2,punk,,,
purchase,noun,B2,satın alma,,zelfstandig naamwoord — zie ook purchase (werkwoord) (something bought),
purchase,verb,B2,satın almak,,werkwoord — zie ook purchase (zelfstandig naamwoord) (to buy),
pure,adjective,B2,saf,,,
purely,adverb,B2,tamamen,sadece,,
purple,adjective,A1,mor,,,
purpose,noun,A2,amaç,,,
pursue,verb,B2,peşinden gitmek,sürdürmek,,
pursuit,noun,B2,peşinden koşma,takip,,
push,verb,A2,itmek,,"werkwoord — zie ook push (zelfstandig naamwoord) (to shove, press against)",
push,noun,B1,itiş,,zelfstandig naamwoord — zie ook push (werkwoord) (a shove),
put,verb,A1,koymak,,,
puzzle,noun,B2,bulmaca,,,
qualification,noun,B1,nitelik (yeterlilik),,,
qualified,adjective,B1,kalifiye,yeterli,,
qualify,verb,B1,hak kazanmak,yeterlilik kazanmak,,
quality,noun,A2,kalite,,,
quantity,noun,A2,miktar,,,
quarter,noun,A1,çeyrek,,,
queen,noun,A2,kraliçe,,,
query,noun,C1,sorgu,soru,,
quest,noun,C1,arayış,macera,,
question,noun,A1,soru,,zelfstandig naamwoord — zie ook question (werkwoord) (something asked to get information),
question,verb,A2,sorgulamak,,"werkwoord — zie ook question (zelfstandig naamwoord) (to ask, or to doubt)",
questionnaire,noun,B2,anket,,,
quick,adjective,A1,hızlı,,,
quickly,adverb,A1,hızlıca,,,
quiet,adjective,A1,sessiz,,,
quietly,adverb,A2,sessizce,,,
quit,verb,B1,bırakmak (işi/alışkanlığı),,,
quite,adverb,A1,oldukça,,,
quota,noun,C1,kota,,,
quotation,noun,B1,alıntı,,,
quote,verb,B1,alıntı yapmak,,werkwoord — zie ook quote (zelfstandig naamwoord) (to repeat words exactly from someone),
quote,noun,B1,alıntı,,zelfstandig naamwoord — zie ook quote (werkwoord) (words repeated exactly from someone),
race,noun,A2,yarış,,zelfstandig naamwoord (yarışma) — zie ook race (ırk) (a competition of speed),
race,verb,A2,yarışmak,,werkwoord — zie ook race (zelfstandig naamwoord) (to compete for speed),
race,noun,B1,ırk,,zelfstandig naamwoord (insan ırkı) — zie ook race (yarışma) (a competition of speed),
racial,adjective,B2,ırksal,,,
racing,noun,B1,yarış (spor),,,
racism,noun,B2,ırkçılık,,,
racist,adjective,B2,ırkçı,,bijvoeglijk naamwoord — zie ook racist (zelfstandig) (discriminating based on race),
racist,noun,B2,ırkçı,,zelfstandig naamwoord — zie ook racist (bijvoeglijk) (a person who discriminates based on race),
radar,noun,C1,radar,,,
radiation,noun,B2,radyasyon,,,
radical,adjective,C1,radikal,köklü,,
radio,noun,A1,radyo,,,
rage,noun,C1,öfke,hiddet,,
raid,noun,C1,baskın,,zelfstandig naamwoord — zie ook raid (werkwoord) (a sudden attack/police search),
raid,verb,C1,baskın yapmak,,werkwoord — zie ook raid (zelfstandig naamwoord) (to make a sudden attack/police search),
rail,noun,B2,ray,demiryolu,,
railroad,noun,A2,demiryolu,,,
rain,noun,A1,yağmur,,zelfstandig naamwoord — zie ook rain (werkwoord) (water falling from clouds),
rain,verb,A1,yağmur yağmak,,werkwoord — zie ook rain (zelfstandig naamwoord) (when water falls from clouds),
raise,verb,A2,kaldırmak (yükseltmek),,"werkwoord — zie ook raise (zelfstandig naamwoord) (to lift, or to bring up children)",
raise,noun,B1,zam,,zelfstandig naamwoord — zie ook raise (werkwoord) (a pay increase),
rally,noun,C1,miting,,zelfstandig naamwoord — zie ook rally (werkwoord) (a large public gathering),
rally,verb,C1,toplanmak,toparlanmak,werkwoord — zie ook rally (zelfstandig naamwoord) (to gather together for a cause),
random,adjective,B2,rastgele,,,
range,noun,B1,aralık,yelpaze,zelfstandig naamwoord — zie ook range (werkwoord) (the extent between limits),
range,verb,B2,değişmek (aralıkta olmak),,werkwoord — zie ook range (zelfstandig naamwoord) (to vary between limits),
rank,verb,B2,sıralamak,,werkwoord — zie ook rank (zelfstandig naamwoord) (to place in order),
rank,noun,B2,rütbe,,zelfstandig naamwoord (militaire rang) — zie ook rank (positie in lijst) (a position in a hierarchy),
rank,noun,C1,sıra,,zelfstandig naamwoord (positie in een rangschikking) — zie ook rank (militaire rang) (a position in a hierarchy),
ranking,noun,C1,sıralama,,,
rape,noun,C1,tecavüz,,zelfstandig naamwoord — zie ook rape (werkwoord),gevoelig onderwerp
rape,verb,C1,tecavüz etmek,,werkwoord — zie ook rape (zelfstandig naamwoord),gevoelig onderwerp
rapid,adjective,B2,hızlı,,,
rapidly,adverb,B2,hızla,,,
rare,adjective,B1,nadir,,,
rarely,adverb,B1,nadiren,,,
rat,noun,B2,sıçan,,,
rate,noun,A2,oran,,"zelfstandig naamwoord — zie ook rate (werkwoord) (a measure per unit, e.g. speed/cost)",
rate,verb,B2,değerlendirmek,,werkwoord — zie ook rate (zelfstandig naamwoord) (to give a score/evaluation to),
rather,adverb,A2,oldukça,tercihen,,
rating,noun,B2,puanlama,derecelendirme,,
ratio,noun,C1,oran,,,
rational,adjective,C1,akılcı,mantıklı,,
raw,adjective,B2,çiğ (işlenmemiş),,,
ray,noun,C1,ışın,,,
reach,verb,A2,ulaşmak,,"werkwoord — zie ook reach (zelfstandig naamwoord) (to arrive at, or stretch to touch)",
reach,noun,B2,erişim (menzil),,zelfstandig naamwoord — zie ook reach (werkwoord) (the distance one can extend to),
react,verb,A2,tepki vermek,,,
reaction,noun,B1,tepki,,,
read,verb,A1,okumak,,,
reader,noun,A1,okuyucu,,,
readily,adverb,C1,kolayca,hemen,,
reading,noun,A1,okuma,,,
ready,adjective,A1,hazır,,,
real,adjective,A1,gerçek,,,
realistic,adjective,B2,gerçekçi,,,
reality,noun,B1,gerçeklik,,,
realization,noun,C1,farkına varma,gerçekleştirme,,
realize,verb,A2,fark etmek,farkına varmak,,
really,adverb,A1,gerçekten,,,
realm,noun,C1,alan,,zelfstandig naamwoord (figuurlijk domein/gebied) — zie ook realm (koninkrijk),
realm,noun,C1,krallık,,zelfstandig naamwoord (koninkrijk) — zie ook realm (domein),
rear,adjective,C1,arka,,bijvoeglijk naamwoord — zie ook rear (zelfstandig) (at the back),
rear,noun,C1,arka kısım,,zelfstandig naamwoord — zie ook rear (bijvoeglijk) (the back part),
reason,noun,A1,sebep,,,
reasonable,adjective,B2,makul,,,
reasonably,adverb,B2,makul ölçüde,oldukça,,
reasoning,noun,C1,akıl yürütme,muhakeme,,
reassure,verb,C1,güven vermek,,,
rebel,noun,C1,asi,isyancı,,
rebellion,noun,C1,isyan,,,
rebuild,verb,B2,yeniden inşa etmek,,,
recall,verb,B2,hatırlamak,geri çağırmak,,
receipt,noun,B1,fiş (makbuz),,,
receive,verb,A2,almak (teslim almak),,,
receiver,noun,B2,alıcı,,"zelfstandig naamwoord (algemene ontvanger, bv. sport/radio) — zie ook receiver (telefoonhoorn)",
receiver,noun,C1,ahize,,zelfstandig naamwoord (telefoonhoorn) — zie ook receiver (algemene ontvanger),
recent,adjective,A2,son (yakın zamanda olan),,,
recently,adverb,A2,son zamanlarda,,,
reception,noun,A2,resepsiyon,karşılama,,
recession,noun,B2,durgunluk,resesyon,,
recipe,noun,A2,tarif (yemek),,,
recipient,noun,C1,alıcı,,,
reckon,verb,B2,sanmak,hesaplamak,,
recognition,noun,B2,tanınma,tanıma,,
recognize,verb,A2,tanımak,,,
recommend,verb,A2,tavsiye etmek,,,
recommendation,noun,B1,tavsiye,,,
reconstruction,noun,C1,yeniden inşa,yeniden yapılanma,,
record,noun,A2,kayıt,,"zelfstandig naamwoord — zie ook record (werkwoord) (a stored account of facts, or a disc of music)",
record,verb,A2,kaydetmek,,werkwoord — zie ook record (zelfstandig naamwoord) (to store sounds/images/data),
recording,noun,A2,kayıt (ses/video),,,
recount,verb,C1,yeniden anlatmak,yeniden saymak,"navertellen, of opnieuw tellen (stemmen)",
recover,verb,B2,iyileşmek,kurtarmak,,
recovery,noun,B2,iyileşme,kurtarma,,
recruit,verb,B2,işe almak,,werkwoord — zie ook recruit (zelfstandig naamwoord) (to enlist a new member),
recruit,noun,B2,yeni asker,,"zelfstandig naamwoord (nieuwe rekruut, leger) — zie ook recruit (nieuwe medewerker) (a newly enlisted member)",
recruit,noun,B2,yeni çalışan,,zelfstandig naamwoord (nieuwe medewerker) — zie ook recruit (nieuwe rekruut) (a newly enlisted member),
recruitment,noun,C1,işe alım,,,
recycle,verb,A2,geri dönüştürmek,,,
red,adjective,A1,kırmızı,,,
reduce,verb,A2,azaltmak,,,
reduction,noun,B2,azalma,,zelfstandig naamwoord (algemene afname) — zie ook reduction (prijskorting),
reduction,noun,C1,indirim,,zelfstandig naamwoord (prijskorting) — zie ook reduction (algemene afname),
refer,verb,A2,atıfta bulunmak,,,
referee,noun,B2,hakem,,,
reference,noun,B1,referans,,,
referendum,noun,C1,referandum,,,
reflect,verb,B1,yansıtmak,düşünmek (üzerinde),,
reflection,noun,C1,yansıma,düşünme,,
reform,noun,C1,reform,,zelfstandig naamwoord — zie ook reform (werkwoord) (a change made to improve something),
reform,verb,C1,reform yapmak,,werkwoord — zie ook reform (zelfstandig naamwoord) (to change something to make it better),
refrigerator,noun,A2,buzdolabı,,,
refuge,noun,C1,sığınak,sığınma,,
refugee,noun,B2,mülteci,,,
refusal,noun,C1,ret,reddetme,,
refuse,verb,A2,reddetmek,,,
regain,verb,C1,yeniden kazanmak,,,
regard,verb,B2,görmek (addetmek),,"werkwoord — zie ook regard (zelfstandig naamwoord) (to consider, view as)",
regard,noun,B2,saygı,,"zelfstandig naamwoord (respect) — zie ook regard (kwestie/opzicht) (respect, or attention)",
regard,noun,C1,husus,,"zelfstandig naamwoord (kwestie/opzicht, bv. ""in this regard"") — zie ook regard (respect) (respect, or attention)",
regardless,adverb,C1,ne olursa olsun,,,
regime,noun,C1,rejim,,,
region,noun,A2,bölge,,,
regional,adjective,B2,bölgesel,,,
register,verb,B2,kaydolmak,,werkwoord — zie ook register (zelfstandig naamwoord) (to enter one's name on an official list),
register,noun,B2,kayıt defteri,,zelfstandig naamwoord — zie ook register (werkwoord) (an official list),
registration,noun,B2,kayıt,,,
regret,verb,B2,pişman olmak,,werkwoord — zie ook regret (zelfstandig naamwoord) (to feel sad about something one did/didn't do),
regret,noun,B2,pişmanlık,,zelfstandig naamwoord — zie ook regret (werkwoord) (sadness about something one did/didn't do),
regular,adjective,A2,düzenli,,,
regularly,adverb,B1,düzenli olarak,,,
regulate,verb,B2,düzenlemek,,,
regulation,noun,B2,yönetmelik,,,
regulator,noun,C1,düzenleyici kurum,,,
regulatory,adjective,C1,düzenleyici,,,
rehabilitation,noun,C1,rehabilitasyon,,,
reign,noun,C1,hükümdarlık,saltanat,zelfstandig naamwoord — zie ook reign (werkwoord) (a period of rule by a monarch),
reign,verb,C1,hükümdarlık yapmak,,werkwoord — zie ook reign (zelfstandig naamwoord) (to rule as a monarch),
reinforce,verb,B2,güçlendirmek,pekiştirmek,,
reject,verb,B1,reddetmek,,,
rejection,noun,C1,ret,reddedilme,,
relate,verb,B1,ilişkilendirmek,,,
related,adjective,B1,ilişkili,,,
relation,noun,B1,ilişki,,,
relationship,noun,A2,ilişki,,,
relative,adjective,B1,göreceli,,bijvoeglijk naamwoord — zie ook relative (zelfstandig) (considered in comparison to something else),
relative,noun,B1,akraba,,zelfstandig naamwoord — zie ook relative (bijvoeglijk) (a family member),
relatively,adverb,B2,nispeten,,,
relax,verb,A1,rahatlamak,,,
relaxed,adjective,B1,rahat (gevşemiş),,,
relaxing,adjective,B1,rahatlatıcı,,,
release,verb,B1,yayınlamak (piyasaya sürmek),,"werkwoord — zie ook release (zelfstandig naamwoord) (to set free, or make public)",
release,noun,B1,yayın,,"zelfstandig naamwoord (uitgave, bv. album/film) — zie ook release (vrijlating) (the public launch of something)",
release,noun,B2,serbest bırakma,,zelfstandig naamwoord (vrijlating) — zie ook release (uitgave) (the public launch of something),
relevance,noun,C1,ilgi,alaka,,
relevant,adjective,B2,ilgili (konuyla),,,
reliability,noun,C1,güvenilirlik,,,
reliable,adjective,B1,güvenilir,,,
relief,noun,B2,rahatlama,,,
relieve,verb,B2,hafifletmek,rahatlatmak,,
relieved,adjective,B2,rahatlamış,,,
religion,noun,B1,din,,,
religious,adjective,B1,dini,,,
reluctant,adjective,C1,isteksiz,gönülsüz,,
rely,verb,B2,güvenmek (bel bağlamak),,,
remain,verb,B1,kalmak,,,
remainder,noun,C1,geri kalan,kalan kısım,,
remains,noun,C1,kalıntı,,,
remark,noun,B2,söz (yorum),,zelfstandig naamwoord — zie ook remark (werkwoord) (a spoken comment),
remark,verb,B2,belirtmek (söylemek),,werkwoord — zie ook remark (zelfstandig naamwoord) (to make a spoken comment),
remarkable,adjective,B2,dikkat çekici,olağanüstü,,
remarkably,adverb,B2,dikkat çekici bir şekilde,,,
remedy,noun,C1,çözüm,çare,,
remember,verb,A1,hatırlamak,,,
remind,verb,B1,hatırlatmak,,,
reminder,noun,C1,hatırlatma,,,
remote,adjective,B1,uzak,,,
removal,noun,C1,kaldırma,çıkarma,,
remove,verb,A2,çıkarmak (kaldırmak),,,
render,verb,C1,hale getirmek,sunmak,,
renew,verb,C1,yenilemek,,,
renowned,adjective,C1,ünlü,,,
rent,noun,B1,kira,,zelfstandig naamwoord — zie ook rent (werkwoord) (a regular payment for use of property),
rent,verb,B1,kiralamak,,werkwoord — zie ook rent (zelfstandig naamwoord) (to pay to use property temporarily),
rental,noun,C1,kira,kiralık,,
repair,verb,A2,tamir etmek,,werkwoord — zie ook repair (zelfstandig naamwoord) (to fix something broken),
repair,noun,B1,tamir,,zelfstandig naamwoord — zie ook repair (werkwoord) (the fixing of something broken),
repeat,verb,A1,tekrarlamak,,werkwoord — zie ook repeat (zelfstandig naamwoord) (to say/do again),
repeat,noun,B1,tekrar,,zelfstandig naamwoord — zie ook repeat (werkwoord) (a rebroadcast/duplication),
repeated,adjective,B1,tekrarlanan,,,
replace,verb,A2,değiştirmek (yerine koymak),,,
replacement,noun,C1,değişim,yedek,,
reply,verb,A2,cevap vermek,,werkwoord — zie ook reply (zelfstandig naamwoord) (to answer),
reply,noun,A2,cevap,,zelfstandig naamwoord — zie ook reply (werkwoord) (an answer),
report,noun,A1,rapor,,zelfstandig naamwoord — zie ook report (werkwoord) (a written/spoken account),
report,verb,A2,rapor etmek,,werkwoord — zie ook report (zelfstandig naamwoord) (to give an account of),
reportedly,adverb,C1,bildirildiğine göre,,,
reporter,noun,A2,muhabir,,,
reporting,noun,B2,haber yapma,raporlama,,
represent,verb,B1,temsil etmek,,,
representation,noun,C1,temsil,,,
representative,noun,B2,temsilci,,zelfstandig naamwoord — zie ook representative (bijvoeglijk) (a person who acts for others),
representative,adjective,B2,temsili,,bijvoeglijk naamwoord — zie ook representative (zelfstandig) (typical of a group),
reproduce,verb,C1,çoğaltmak,üremek,,
reproduction,noun,C1,üreme,çoğaltma,,
republic,noun,C1,cumhuriyet,,,
reputation,noun,B2,itibar,,,
request,noun,A2,istek,,zelfstandig naamwoord — zie ook request (werkwoord) (a polite/formal ask),
request,verb,B1,istemek (talep etmek),,werkwoord — zie ook request (zelfstandig naamwoord) (to politely/formally ask for),
require,verb,B1,gerektirmek,,,
requirement,noun,B2,gereklilik,,,
rescue,verb,B2,kurtarmak,,werkwoord — zie ook rescue (zelfstandig naamwoord) (to save from danger),
rescue,noun,B2,kurtarma,,zelfstandig naamwoord — zie ook rescue (werkwoord) (the act of saving from danger),
research,noun,A2,araştırma,,zelfstandig naamwoord — zie ook research (werkwoord) (careful study to find facts),
research,verb,A2,araştırmak,,werkwoord — zie ook research (zelfstandig naamwoord) (to carefully study to find facts),
researcher,noun,A2,araştırmacı,,,
resemble,verb,C1,benzemek,,,
reservation,noun,B1,rezervasyon,,,
reserve,noun,B2,yedek (rezerv),,zelfstandig naamwoord — zie ook reserve (werkwoord) (something set aside for later use),
reserve,verb,B2,ayırtmak,,werkwoord — zie ook reserve (zelfstandig naamwoord) (to arrange to have set aside),
reside,verb,C1,ikamet etmek,,,
residence,noun,C1,ikametgah,konut,,
resident,noun,B2,sakin (oturan),,zelfstandig naamwoord — zie ook resident (bijvoeglijk) (someone who lives in a place),
resident,adjective,B2,mukim,,bijvoeglijk naamwoord — zie ook resident (zelfstandig) (living in a place),
residential,adjective,C1,meskun,konut ile ilgili,,
residue,noun,C1,kalıntı,artık,,
resign,verb,B2,istifa etmek,,,
resignation,noun,C1,istifa,,,
resist,verb,B2,direnmek,,,
resistance,noun,C1,direniş,direnç,,
resolution,noun,B2,karar,,"zelfstandig naamwoord (formeel besluit, bv. VN-resolutie) — zie ook resolution (oplossing)",
resolution,noun,C1,çözüm,,zelfstandig naamwoord (oplossing van een probleem) — zie ook resolution (besluit),
resolve,verb,B2,çözmek (karar vermek),,,
resort,noun,B2,tatil köyü,çare,,
resource,noun,B1,kaynak,,,
respect,noun,B1,saygı,,zelfstandig naamwoord — zie ook respect (werkwoord) (admiration for someone),
respect,verb,B1,saygı duymak,,"werkwoord — zie ook respect (zelfstandig naamwoord) (to admire, hold in high regard)",
respective,adjective,C1,ilgili (her biri için),kendi,,
respectively,adverb,C1,sırasıyla,,,
respond,verb,A2,yanıtlamak,,,
response,noun,A2,yanıt,,,
responsibility,noun,B1,sorumluluk,,,
responsible,adjective,B1,sorumlu,,,
rest,noun,A2,geri kalan,,"zelfstandig naamwoord (kalan kısım) — zie ook rest (dinlenme) (the remaining part, or relaxation)",
rest,noun,A2,dinlenme,,"zelfstandig naamwoord (dinlenme) — zie ook rest (werkwoord) (the remaining part, or relaxation)",
rest,verb,A2,dinlenmek,,"werkwoord — zie ook rest (zelfstandig naamwoord) (to relax, stop working)",
restaurant,noun,A1,restoran,,,
restoration,noun,C1,restorasyon,onarım,,
restore,verb,B2,onarmak,geri getirmek,,
restraint,noun,C1,kısıtlama,kendini tutma,,
restrict,verb,B2,kısıtlamak,,,
restriction,noun,B2,kısıtlama,,,
result,noun,A1,sonuç,,zelfstandig naamwoord — zie ook result (werkwoord) (the outcome),
result,verb,B1,sonuçlanmak,,werkwoord — zie ook result (zelfstandig naamwoord) (to happen as an outcome),
resume,verb,C1,devam etmek,yeniden başlamak,,
retail,noun,B2,perakende,,,
retain,verb,B2,elinde tutmak,korumak,,
retire,verb,B1,emekli olmak,,,
retired,adjective,B1,emekli,,,
retirement,noun,B2,emeklilik,,,
retreat,noun,C1,geri çekilme,,zelfstandig naamwoord — zie ook retreat (werkwoord) (a withdrawal from danger),
retreat,verb,C1,geri çekilmek,,werkwoord — zie ook retreat (zelfstandig naamwoord) (to withdraw from danger),
retrieve,verb,C1,geri almak,kurtarmak,,
return,verb,A1,dönmek,,werkwoord — zie ook return (zelfstandig naamwoord) (to come back),
return,noun,A1,dönüş,,zelfstandig naamwoord — zie ook return (werkwoord) (the act of coming back),
reveal,verb,B2,ortaya çıkarmak,açığa vurmak,,
revelation,noun,C1,açığa çıkarma,ifşa,,
revenge,noun,C1,intikam,,,
revenue,noun,B2,gelir,,,
reverse,verb,C1,tersine çevirmek,,werkwoord — zie ook reverse (zelfstandig/bijvoeglijk) (to turn in the opposite direction),
reverse,adjective,C1,ters,,bijvoeglijk naamwoord — zie ook reverse (werkwoord) (opposite in direction/order),
reverse,noun,C1,ters,,zelfstandig naamwoord (het tegenovergestelde) — zie ook reverse (achteruitversnelling) (the opposite),
reverse,noun,C1,geri vites,,"zelfstandig naamwoord (achteruitversnelling, auto) — zie ook reverse (tegenovergestelde) (the opposite)",
review,noun,A2,inceleme (eleştiri),,zelfstandig naamwoord — zie ook review (werkwoord) (a critical examination or assessment),
review,verb,A2,incelemek,,werkwoord — zie ook review (zelfstandig naamwoord) (to examine or assess critically),
revise,verb,B1,gözden geçirmek,,,
revision,noun,B2,revizyon,gözden geçirme,,
revival,noun,C1,canlanma,yeniden doğuş,,
revive,verb,C1,canlandırmak,,,
revolution,noun,B2,devrim,,,
revolutionary,adjective,C1,devrimci,,,
reward,noun,B2,ödül,,zelfstandig naamwoord — zie ook reward (werkwoord) (something given for good behaviour/achievement),
reward,verb,B2,ödüllendirmek,,werkwoord — zie ook reward (zelfstandig naamwoord) (to give something for good behaviour/achievement),
rhetoric,noun,C1,retorik,söylem,,
rhythm,noun,B2,ritim,,,
rice,noun,A1,pirinç,,,
rich,adjective,A1,zengin,,,
rid,verb,B2,kurtulmak,,,
ride,verb,A1,binmek,,"werkwoord — zie ook ride (zelfstandig naamwoord) (to travel on/in a vehicle, e.g. a bike/horse)",
ride,noun,A2,biniş (yolculuk),,zelfstandig naamwoord — zie ook ride (werkwoord) (a trip in/on a vehicle),
ridiculous,adjective,B2,gülünç,saçma,,
rifle,noun,C1,tüfek,,,
right,adjective,A1,doğru,,bijvoeglijk naamwoord — zie ook right (bijwoord/zelfstandig) (correct),
right,adverb,A1,sağa,doğru olarak,bijwoord — zie ook right (bijvoeglijk/zelfstandig) (toward the right side),
right,noun,A1,hak,,zelfstandig naamwoord — zie ook right (bijvoeglijk/bijwoord) (something one is morally/legally entitled to),
ring,noun,A2,yüzük,,zelfstandig naamwoord (takı) — zie ook ring (çalmak) (a circular piece of jewelry),
ring,verb,A2,çalmak (zil),,werkwoord — zie ook ring (yüzük/zil sesi) (to make a bell-like sound),
ring,noun,B1,zil sesi,,zelfstandig naamwoord (ses) — zie ook ring (yüzük/werkwoord) (a circular piece of jewelry),
riot,noun,C1,isyan,ayaklanma,,
rip,verb,C1,yırtmak,,,
rise,verb,A2,yükselmek,,"werkwoord — zie ook rise (zelfstandig naamwoord) (to move upward, increase)",
rise,noun,B2,yükseliş,artış,zelfstandig naamwoord — zie ook rise (werkwoord) (an increase),
risk,noun,B1,risk,,zelfstandig naamwoord — zie ook risk (werkwoord) (the possibility of harm/loss),
risk,verb,B1,riske atmak,,werkwoord — zie ook risk (zelfstandig naamwoord) (to expose to possible harm/loss),
risky,adjective,B2,riskli,,,
ritual,noun,C1,ritüel,tören,,
rival,noun,B2,rakip,,zelfstandig naamwoord — zie ook rival (bijvoeglijk) (a competitor),
rival,adjective,B2,rakip,,bijvoeglijk naamwoord — zie ook rival (zelfstandig) (competing),
river,noun,A1,nehir,,,
road,noun,A1,yol,,,
rob,verb,B2,soymak,,,
robbery,noun,B2,soygun,,,
robot,noun,B1,robot,,,
robust,adjective,C1,sağlam,güçlü,,
rock,verb,C1,sallamak,,(to move gently back and forth),
rock,noun,A2,kaya,taş,zelfstandig naamwoord (taş) — zie ook rock (müzik) (a piece of stone),
rock,noun,A2,rock müziği,,zelfstandig naamwoord (müzik) — zie ook rock (taş) (a piece of stone),
rocket,noun,B2,roket,,,
rod,noun,C1,çubuk,kamış,,
role,noun,A2,rol,,,
roll,verb,B1,yuvarlanmak,,werkwoord — zie ook roll (zelfstandig naamwoord) (to move by turning over and over),
roll,noun,B1,rulo,,zelfstandig naamwoord (rol materiaal) — zie ook roll (broodje) (a rolled-up cylinder shape),
roll,noun,B2,küçük ekmek,,zelfstandig naamwoord (rond broodje) — zie ook roll (rol materiaal) (a rolled-up cylinder shape),
romance,noun,B2,romantizm,aşk,,
romantic,adjective,B1,romantik,,,
roof,noun,A2,çatı,,,
rookie,noun,C1,acemi,çaylak,,informeel
room,noun,A1,oda,,,
root,noun,B2,kök,,,
rope,noun,B1,halat,ip,,
rose,noun,B2,gül,,,
roster,noun,C1,kadro (liste),,,
rotate,verb,C1,döndürmek,,,
rotation,noun,C1,dönüş,rotasyon,,
rough,adjective,B1,pürüzlü,kaba,,
roughly,adverb,B2,kabaca,yaklaşık,,
round,adjective,A2,yuvarlak,,bijvoeglijk naamwoord — zie ook round (zelfstandig) (shaped like a circle),
round,noun,B2,tur (raunt),,zelfstandig naamwoord — zie ook round (bijvoeglijk) (one stage of a competition),
route,noun,A2,rota,güzergah,,
routine,noun,A1,rutin,,zelfstandig naamwoord — zie ook routine (bijvoeglijk) (a fixed regular sequence of actions),
routine,adjective,B2,rutin (sıradan),,"bijvoeglijk naamwoord — zie ook routine (zelfstandig) (ordinary, regular)",
row,noun,B1,sıra (dizi),,,
royal,adjective,B1,kraliyete ait,,,
rub,verb,B2,ovmak,,,
rubber,noun,B2,kauçuk,,zelfstandig naamwoord (het materiaal rubber) — zie ook rubber (gum),
rubber,noun,B2,silgi,,"zelfstandig naamwoord (gum, Brits Engels) — zie ook rubber (materiaal)",
rude,adjective,A2,kaba (nezaketsiz),,,
ruin,verb,B2,mahvetmek,,"werkwoord — zie ook ruin (zelfstandig naamwoord) (to destroy, spoil completely)",
ruin,noun,B2,harabe,yıkım,zelfstandig naamwoord — zie ook ruin (werkwoord) (the remains of a destroyed structure),
rule,noun,A1,kural,,zelfstandig naamwoord — zie ook rule (werkwoord) (an official instruction),
rule,verb,B1,yönetmek (hükmetmek),,"werkwoord — zie ook rule (zelfstandig naamwoord) (to govern, or to officially decide)",
ruling,noun,C1,hüküm,karar,,
rumor,noun,C1,söylenti,dedikodu,,
run,verb,A1,koşmak,,werkwoord — zie ook run (zelfstandig naamwoord) (to move quickly on foot),
run,noun,A2,koşu,,"zelfstandig naamwoord — zie ook run (werkwoord) (a period of running, or an unbroken sequence)",
runner,noun,A2,koşucu,,,
running,noun,A2,koşu,,,
rural,adjective,B2,kırsal,,,
rush,verb,B2,acele etmek,,werkwoord — zie ook rush (zelfstandig naamwoord) (to move/do something quickly),
rush,noun,B2,acele,telaş,zelfstandig naamwoord — zie ook rush (werkwoord) (a sudden hurried movement),
résumé,noun,B2,özgeçmiş,,,
sacred,adjective,C1,kutsal,,,
sacrifice,verb,C1,feda etmek,kurban etmek,werkwoord — zie ook sacrifice (zelfstandig naamwoord) (to give something up for a greater good),
sacrifice,noun,C1,fedakarlık,,"zelfstandig naamwoord (algemeen offer, bv. van tijd) — zie ook sacrifice (rituele offer) (giving something up for a greater good)",
sacrifice,noun,C1,kurban,,zelfstandig naamwoord (religieus/letterlijk offer) — zie ook sacrifice (algemeen offer) (giving something up for a greater good),
sad,adjective,A1,üzgün,,,
sadly,adverb,A2,üzücü bir şekilde,,,
safe,adjective,A2,güvenli,,,
safety,noun,B1,güvenlik,,,
sail,verb,A2,yelken açmak,,werkwoord — zie ook sail (zelfstandig naamwoord) (to travel by boat),
sail,noun,B1,yelken,,zelfstandig naamwoord — zie ook sail (werkwoord) (the cloth that catches wind on a boat),
sailing,noun,A2,yelkencilik,,,
sailor,noun,B1,denizci,,,
saint,noun,C1,aziz,evliya,,
sake,noun,C1,uğruna,hatırı için,,
salad,noun,A1,salata,,,
salary,noun,A2,maaş,,,
sale,noun,A2,satış,,,
salt,noun,A1,tuz,,,
same,adjective,A1,aynı,,,
sample,noun,B1,örnek (numune),,zelfstandig naamwoord — zie ook sample (werkwoord) (a small representative part),
sample,verb,B2,örneklemek (tatmak),,werkwoord — zie ook sample (zelfstandig naamwoord) (to try a small part of),
sanction,noun,C1,yaptırım,,,
sand,noun,B1,kum,,,
sandwich,noun,A1,sandviç,,,
satellite,noun,B2,uydu,,,
satisfaction,noun,B2,memnuniyet,tatmin,,
satisfied,adjective,B2,memnun,,,
satisfy,verb,B2,tatmin etmek,,,
sauce,noun,A2,sos,,,
save,verb,A2,kurtarmak,biriktirmek (para),,
saving,noun,B2,tasarruf,,,
say,noun,C1,söz hakkı,,(the right to give an opinion),
say,verb,A1,söylemek,,"(to speak, express in words)",
scale,noun,B2,ölçek,,"zelfstandig naamwoord (schaal/verhouding, bv. kaartschaal) — zie ook scale (weegschaal)",
scale,noun,C1,tartı,,zelfstandig naamwoord (weegschaal) — zie ook scale (schaal/verhouding),
scan,verb,B1,taramak,,,
scandal,noun,B2,skandal,,,
scare,verb,B2,korkutmak,,werkwoord — zie ook scare (zelfstandig naamwoord) (to frighten),
scare,noun,B2,korku,panik,zelfstandig naamwoord — zie ook scare (werkwoord) (a sudden feeling of fear),
scared,adjective,A2,korkmuş,,,
scary,adjective,A2,korkutucu,,,
scattered,adjective,C1,dağınık,,,
scenario,noun,B2,senaryo,,,
scene,noun,A2,sahne (olay yeri),,,
schedule,noun,A2,program (çizelge),,zelfstandig naamwoord — zie ook schedule (werkwoord) (a plan of times for events),
schedule,verb,B2,programlamak (planlamak),,werkwoord — zie ook schedule (zelfstandig naamwoord) (to arrange a time for),
scholar,noun,B2,bilgin,akademisyen,,
scholarship,noun,B2,burs,,zelfstandig naamwoord (studiebeurs) — zie ook scholarship (geleerdheid),
scholarship,noun,C1,bilgelik,,zelfstandig naamwoord (academische geleerdheid) — zie ook scholarship (studiebeurs),
school,noun,A1,okul,,,
science,noun,A1,bilim,,,
scientific,adjective,B1,bilimsel,,,
scientist,noun,A1,bilim insanı,,,
scope,noun,C1,kapsam,,,
score,verb,A2,gol/sayı yapmak,,werkwoord — zie ook score (zelfstandig naamwoord) (to earn points in a game),
score,noun,A2,skor,,zelfstandig naamwoord — zie ook score (werkwoord) (the points in a game/test),
scratch,verb,B2,kaşımak,çizmek,werkwoord — zie ook scratch (zelfstandig naamwoord) (to rub/mark with something sharp),
scratch,noun,B2,çizik,,zelfstandig naamwoord — zie ook scratch (werkwoord) (a shallow cut/mark),
scream,verb,B2,çığlık atmak,,werkwoord — zie ook scream (zelfstandig naamwoord) (to cry loudly and high-pitched),
scream,noun,B2,çığlık,,zelfstandig naamwoord — zie ook scream (werkwoord) (a loud high-pitched cry),
screen,noun,A2,ekran,,zelfstandig naamwoord — zie ook screen (werkwoord) (the flat surface showing images),
screen,verb,B2,taramak (denetlemek),göstermek (film),"werkwoord — zie ook screen (zelfstandig naamwoord) (to check/examine, or show a film)",
screening,noun,B2,tarama,,zelfstandig naamwoord (medische/veiligheidscontrole) — zie ook screening (filmvertoning),
screening,noun,C1,gösterim,,zelfstandig naamwoord (filmvertoning) — zie ook screening (controle),
screw,noun,C1,vida,,zelfstandig naamwoord — zie ook screw (werkwoord) (a metal fastener with a spiral thread),
screw,verb,C1,vidalamak,,werkwoord — zie ook screw (zelfstandig naamwoord) (to fasten with a screw),
script,noun,B1,senaryo (metin),,,
scrutiny,noun,C1,inceleme,denetim,,
sculpture,noun,B1,heykel,,,
sea,noun,A2,deniz,,,
seal,verb,C1,mühürlemek,kapatmak,werkwoord — zie ook seal (zelfstandig naamwoord) (to close tightly),
seal,noun,C1,fok,,"zelfstandig naamwoord (het dier) — zie ook seal (zegel) (the marine animal, or a stamp of authenticity)",
seal,noun,C1,mühür,,"zelfstandig naamwoord (zegel/stempel) — zie ook seal (het dier) (the marine animal, or a stamp of authenticity)",
search,noun,A2,arama,,zelfstandig naamwoord — zie ook search (werkwoord) (the act of looking for something),
search,verb,A2,aramak,,werkwoord — zie ook search (zelfstandig naamwoord) (to look for something),
season,noun,A2,mevsim,,zelfstandig naamwoord (jaargetijde) — zie ook season (tv-/sportseizoen),
season,noun,B1,sezon,,zelfstandig naamwoord (tv-/sportseizoen) — zie ook season (jaargetijde),
seat,noun,A2,koltuk (oturma yeri),,zelfstandig naamwoord — zie ook seat (werkwoord) (a place to sit),
seat,verb,B2,oturtmak (yer göstermek),,werkwoord — zie ook seat (zelfstandig naamwoord) (to show someone to a place to sit),
second,number,A1,ikinci,,"zie ook second (zelfstandig naamwoord, tijdseenheid) (2nd, the ordinal number)",
second,noun,A1,saniye,,zelfstandig naamwoord (tijdseenheid) — zie ook second (getal) (a unit of time),
secondary,adjective,B1,ikincil,ortaöğretim,,
secondly,adverb,C1,ikinci olarak,,,
secret,adjective,A2,gizli,,bijvoeglijk naamwoord — zie ook secret (zelfstandig) (kept hidden from others),
secret,noun,A2,sır,,zelfstandig naamwoord — zie ook secret (bijvoeglijk) (information kept hidden),
secretary,noun,A2,sekreter,,,
section,noun,A1,bölüm (kesim),,,
sector,noun,B2,sektör,,,
secular,adjective,C1,laik,seküler,,
secure,adjective,B2,güvenli (emin),,"bijvoeglijk naamwoord — zie ook secure (werkwoord) (safe, protected)",
secure,verb,B2,güvence altına almak,,"werkwoord — zie ook secure (bijvoeglijk) (to make safe, or to obtain)",
security,noun,B1,güvenlik,,,
see,verb,A1,görmek,,,
seed,noun,B1,tohum,,,
seek,verb,B2,aramak (peşinde olmak),,,
seeker,noun,B2,arayan kişi,,,
seem,verb,A2,görünmek (gibi görünmek),,,
seemingly,adverb,C1,görünüşte,,,
segment,noun,C1,bölüm,kesim,,
seize,verb,C1,el koymak,yakalamak,,
seldom,adverb,C1,nadiren,,,
select,verb,B2,seçmek,,,
selection,noun,B2,seçki (seçim),,,
selective,adjective,C1,seçici,,,
self,noun,B2,benlik,kendi,,
sell,verb,A1,satmak,,,
seminar,noun,B2,seminer,,,
senate,noun,B2,senato,,,
senator,noun,B2,senatör,,,
send,verb,A1,göndermek,,,
senior,adjective,B2,kıdemli,,,
sensation,noun,C1,his,,zelfstandig naamwoord (fysiek gevoel) — zie ook sensation (sensatie/opschudding),
sensation,noun,C1,büyük ilgi,,zelfstandig naamwoord (publieke sensatie/opschudding) — zie ook sensation (fysiek gevoel),
sense,verb,B2,hissetmek (sezmek),,"werkwoord — zie ook sense (zelfstandig naamwoord) (to become aware of, feel)",
sense,noun,A2,his,,"zelfstandig naamwoord (fysieke zintuig, bv. de vijf zintuigen) — zie ook sense (betekenis) (a feeling, or one of the five senses)",
sense,noun,B1,anlam,,"zelfstandig naamwoord (betekenis van een woord) — zie ook sense (zintuig) (a feeling, or one of the five senses)",
sensible,adjective,B1,makul (sağduyulu),,,
sensitive,adjective,B2,hassas,,,
sensitivity,noun,C1,hassasiyet,duyarlılık,,
sentence,verb,B2,mahkum etmek,,werkwoord — zie ook sentence (zelfstandig naamwoord) (to officially state someone's punishment),
sentence,noun,A1,cümle,,zelfstandig naamwoord (grammaticale zin) — zie ook sentence (vonnis) (a group of words forming a statement),
sentence,noun,B2,hüküm,,zelfstandig naamwoord (rechterlijk vonnis/straf) — zie ook sentence (zin) (a group of words forming a statement),
sentiment,noun,C1,duygu,kanaat,,
separate,adjective,A2,ayrı,,"bijvoeglijk naamwoord — zie ook separate (werkwoord) (not joined, apart)",
separate,verb,B1,ayırmak,,"werkwoord — zie ook separate (bijvoeglijk) (to divide, keep apart)",
separation,noun,C1,ayrılık,ayrım,,
sequence,noun,B2,sıra (dizi),,,
serial,adjective,C1,seri,dizi ile ilgili,,
series,noun,A2,dizi (seri),,,
serious,adjective,A2,ciddi,,,
seriously,adverb,B1,ciddi bir şekilde,,,
servant,noun,B1,hizmetçi,,,
serve,verb,A2,hizmet etmek,servis yapmak,,
service,noun,A2,hizmet,,,
session,noun,B2,oturum,,,
set,verb,B1,koymak (ayarlamak),,werkwoord — zie ook set (zelfstandig naamwoord) (to put in a particular place/state),
set,noun,B1,takım (set),,zelfstandig naamwoord — zie ook set (werkwoord) (a group of matching things),
setting,noun,B1,ortam (ayar),,,
settle,verb,B2,yerleşmek,halletmek,,
settlement,noun,C1,yerleşim,anlaşma,,
settler,noun,B2,yerleşimci,,,
setup,noun,C1,düzenek,kurulum,,
seven,number,A1,yedi,,,
seventeen,number,A1,on yedi,,,
seventy,number,A1,yetmiş,,,
several,determiner,A2,birkaç,,,
severe,adjective,B2,şiddetli (ciddi),,,
severely,adverb,B2,ciddi şekilde,şiddetle,,
sex,noun,B1,cinsiyet,,, 
sexual,adjective,B1,cinsel,,, 
sexuality,noun,C1,cinsellik,,,
shade,noun,B2,gölge,,,
shadow,noun,B2,gölge (siluet),,,
shake,verb,A2,sallamak,,werkwoord — zie ook shake (zelfstandig naamwoord) (to move quickly back and forth),
shake,noun,B1,sallanma (titreyiş),,zelfstandig naamwoord — zie ook shake (werkwoord) (a trembling movement),
shall,modal verb,B2,-eceğim (öneri/gelecek),,,
shallow,adjective,B2,sığ,,,
shame,noun,B2,utanç,,zelfstandig naamwoord (de emotie schaamte) — zie ook shame (jammer),
shame,noun,B2,yazık,,"zelfstandig naamwoord (jammer, ""wat een schande"") — zie ook shame (schaamte)",
shape,noun,A2,şekil,,zelfstandig naamwoord — zie ook shape (werkwoord) (the outer form of something),
shape,verb,B2,şekillendirmek,,werkwoord — zie ook shape (zelfstandig naamwoord) (to give a particular form to),
share,verb,A1,paylaşmak,,werkwoord — zie ook share (zelfstandig naamwoord) (to give a portion to others),
share,noun,B1,pay (hisse),,"zelfstandig naamwoord — zie ook share (werkwoord) (a portion, or a unit of stock)",
shareholder,noun,C1,hissedar,,,
sharp,adjective,B1,keskin,,,
shatter,verb,C1,paramparça olmak,,,
she,pronoun,A1,o (kadın),,,
shed,verb,C1,dökmek,atmak,,
sheep,noun,A1,koyun,,,
sheer,adjective,C1,tam anlamıyla,saf,,
sheet,noun,A2,çarşaf,,zelfstandig naamwoord (bedlaken) — zie ook sheet (vel papier),
sheet,noun,B1,kağıt yaprağı,,zelfstandig naamwoord (vel papier) — zie ook sheet (bedlaken),
shelf,noun,B1,raf,,,
shell,noun,B1,kabuk,,,
shelter,noun,B2,barınak,,zelfstandig naamwoord — zie ook shelter (werkwoord) (a place protecting from danger/weather),
shelter,verb,B2,barınmak (korunmak),,werkwoord — zie ook shelter (zelfstandig naamwoord) (to protect from danger/weather),
shift,verb,B2,kaydırmak (değiştirmek),,werkwoord — zie ook shift (zelfstandig naamwoord) (to move or change slightly),
shift,noun,B1,değişim,,"zelfstandig naamwoord (verandering/verschuiving) — zie ook shift (werkdienst) (a change, or a work period)",
shift,noun,B1,vardiya,,"zelfstandig naamwoord (werkdienst/shift op het werk) — zie ook shift (verandering) (a change, or a work period)",
shine,verb,B1,parlamak,,,
shiny,adjective,B1,parlak,,,
ship,noun,A2,gemi,,zelfstandig naamwoord — zie ook ship (werkwoord) (a large boat),
ship,verb,B2,göndermek (nakletmek),,werkwoord — zie ook ship (zelfstandig naamwoord) (to send goods somewhere),
shipping,noun,C1,nakliye,kargo,,
shirt,noun,A1,gömlek,,,
shock,noun,B2,şok,,zelfstandig naamwoord — zie ook shock (werkwoord) (a sudden strong surprise),
shock,verb,B2,şok etmek,,werkwoord — zie ook shock (zelfstandig naamwoord) (to surprise strongly and suddenly),
shocked,adjective,B2,şok olmuş,,,
shocking,adjective,B2,şok edici,,,
shoe,noun,A1,ayakkabı,,,
shoot,noun,C1,çekim,,(a photo/film session),
shoot,verb,B1,ateş etmek (vurmak),,(to fire a weapon),
shooting,noun,B2,ateş etme (silahlı olay),,,
shop,noun,A1,dükkan,,zelfstandig naamwoord — zie ook shop (werkwoord) (a store),
shop,verb,A1,alışveriş yapmak,,werkwoord — zie ook shop (zelfstandig naamwoord) (to buy things in stores),
shopping,noun,A1,alışveriş,,,
shore,noun,B2,kıyı,sahil,,
short,adjective,A1,kısa,,,
short-term,adjective,B2,kısa vadeli,,,
shortage,noun,B2,kıtlık,yetersizlik,,
shortly,adverb,B2,kısa süre içinde,,,
shot,noun,B2,atış (vuruş),,,
should,modal verb,A1,-meli,,,
shoulder,noun,A2,omuz,,,
shout,verb,A2,bağırmak,,werkwoord — zie ook shout (zelfstandig naamwoord) (to say loudly),
shout,noun,A2,bağırış,,zelfstandig naamwoord — zie ook shout (werkwoord) (a loud cry),
show,verb,A1,göstermek,,werkwoord — zie ook show (zelfstandig naamwoord) (to let be seen),
show,noun,A1,gösteri (program),,zelfstandig naamwoord — zie ook show (werkwoord) (a performance/broadcast program),
shower,noun,A1,duş,,,
shrink,verb,C1,küçülmek,daralmak,,
shrug,verb,C1,omuz silkmek,,,
shut,verb,A2,kapatmak,,werkwoord — zie ook shut (bijvoeglijk) (to close),
shut,adjective,A2,kapalı,,bijvoeglijk naamwoord — zie ook shut (werkwoord) (closed),
shy,adjective,B1,utangaç,,,
sibling,noun,B2,kardeş,,,
sick,adjective,A1,hasta,,,
side,noun,A2,taraf,yan,,
sidewalk,noun,B2,kaldırım,,,
sigh,verb,C1,iç çekmek,,werkwoord — zie ook sigh (zelfstandig naamwoord) (to breathe out a long breath showing tiredness/relief),
sigh,noun,C1,iç çekiş,,zelfstandig naamwoord — zie ook sigh (werkwoord) (a long breath showing tiredness/relief),
sight,noun,B1,görme (görüntü),,,
sign,noun,A2,işaret (tabela),,"zelfstandig naamwoord — zie ook sign (werkwoord) (a board with information, or a symbol)",
sign,verb,A2,imzalamak,,werkwoord — zie ook sign (zelfstandig naamwoord) (to write one's name on a document),
signal,noun,B1,sinyal,,zelfstandig naamwoord — zie ook signal (werkwoord) (a sign that conveys information),
signal,verb,B2,işaret vermek,,werkwoord — zie ook signal (zelfstandig naamwoord) (to give a sign to convey information),
signature,noun,B2,imza,,,
significance,noun,B2,önem,,,
significant,adjective,B2,önemli (belirgin),,,
significantly,adverb,B2,önemli ölçüde,,,
silence,noun,B2,sessizlik,,,
silent,adjective,B1,sessiz,,,
silk,noun,B2,ipek,,,
silly,adjective,B1,aptalca (saçma),,,
silver,noun,A2,gümüş,,,
similar,adjective,A1,benzer,,,
similarity,noun,B1,benzerlik,,,
similarly,adverb,B1,benzer şekilde,,,
simple,adjective,A2,basit,,,
simply,adverb,B1,basitçe,sadece,,
simulate,verb,C1,simüle etmek,taklit etmek,,
simulation,noun,C1,simülasyon,,,
simultaneously,adverb,C1,aynı anda,,,
sin,noun,C1,günah,,,
since,preposition,A2,-den beri,,,
sincere,adjective,B2,samimi,,,
sing,verb,A1,şarkı söylemek,,,
singer,noun,A1,şarkıcı,,,
singing,noun,A2,şarkı söyleme,,,
single,adjective,A2,tek,,bijvoeglijk naamwoord (enkel/enkelvoudig) — zie ook single (ongehuwd),
single,adjective,B1,bekar,,bijvoeglijk naamwoord (ongehuwd/single) — zie ook single (enkel),
sink,verb,B1,batmak,,,
sir,noun,A2,efendim (hitap),,,
sister,noun,A1,kız kardeş,,,
sit,verb,A1,oturmak,,,
site,noun,A2,alan,,zelfstandig naamwoord (fysieke locatie/terrein) — zie ook site (website),
site,noun,A2,site,,zelfstandig naamwoord (website) — zie ook site (fysieke locatie),
situated,adjective,C1,konumlanmış,yerleşmiş,,
situation,noun,A1,durum,,,
six,number,A1,altı,,,
sixteen,number,A1,on altı,,,
sixty,number,A1,altmış,,,
size,noun,A2,boyut (beden),,,
skeptical,adjective,C1,şüpheci,kuşkucu,,
sketch,noun,C1,taslak,kroki,,
ski,verb,A2,kayak yapmak,,werkwoord — zie ook ski (zelfstandig naamwoord) (to glide on snow using skis),
ski,noun,A2,kayak (ekipman),,zelfstandig naamwoord — zie ook ski (werkwoord) (the long narrow board for gliding on snow),
skiing,noun,A2,kayak (spor),,,
skill,noun,A1,beceri,,,
skilled,adjective,B2,becerikli,kalifiye,,
skin,noun,A2,cilt,,,
skip,verb,C1,atlamak,,,
skirt,noun,A1,etek,,,
skull,noun,B2,kafatası,,,
sky,noun,A2,gökyüzü,,,
slam,verb,C1,çarpmak,sert eleştirmek,,
slap,verb,C1,tokat atmak,,,
slash,verb,C1,kesmek,büyük ölçüde azaltmak,,
slave,noun,B1,köle,,,
slavery,noun,C1,kölelik,,,
sleep,verb,A1,uyumak,,werkwoord — zie ook sleep (zelfstandig naamwoord) (to rest unconsciously),
sleep,noun,A2,uyku,,zelfstandig naamwoord — zie ook sleep (werkwoord) (the state of resting unconsciously),
slice,noun,B1,dilim,,,
slide,verb,B2,kaymak,,werkwoord — zie ook slide (zelfstandig naamwoord) (to move smoothly across a surface),
slide,noun,B2,kaydırak (sunum slaytı),,"zelfstandig naamwoord — zie ook slide (werkwoord) (a smooth chute, or a presentation page)",
slight,adjective,B2,hafif (az),,,
slightly,adverb,B1,hafifçe,,,
slip,verb,B2,kaymak (kayıp düşmek),,,
slogan,noun,B2,slogan,,,
slope,noun,B2,yamaç (eğim),,,
slot,noun,C1,yuva,zaman dilimi,,
slow,adjective,A1,yavaş,,,
slowly,adverb,A2,yavaşça,,,
small,adjective,A1,küçük,,,
smart,adjective,A1,akıllı (zeki),,,
smartphone,noun,A2,akıllı telefon,,,
smash,verb,C1,parçalamak,,,
smell,verb,A2,koklamak,,werkwoord — zie ook smell (zelfstandig naamwoord) (to detect an odor),
smell,noun,A2,koku,,zelfstandig naamwoord — zie ook smell (werkwoord) (an odor),
smile,verb,A2,gülümsemek,,werkwoord — zie ook smile (zelfstandig naamwoord) (to make a happy facial expression),
smile,noun,A2,gülümseme,,zelfstandig naamwoord — zie ook smile (werkwoord) (a happy facial expression),
smoke,noun,A2,duman,,zelfstandig naamwoord — zie ook smoke (werkwoord) (the visible fumes from burning),
smoke,verb,A2,sigara içmek,,werkwoord — zie ook smoke (zelfstandig naamwoord) (to inhale/exhale tobacco fumes),
smoking,noun,A2,sigara içme,,,
smooth,adjective,B1,pürüzsüz,,,
snake,noun,A1,yılan,,,
snap,verb,C1,aniden kırılmak,fotoğraf çekmek,,
sneaker,noun,A2,spor ayakkabı,,,
snow,noun,A1,kar,,zelfstandig naamwoord — zie ook snow (werkwoord) (frozen white precipitation),
snow,verb,A1,kar yağmak,,werkwoord — zie ook snow (zelfstandig naamwoord) (when frozen white precipitation falls),
so,adverb,A1,bu yüzden,o kadar,,
so-called,adjective,B2,sözde,,,
soak,verb,C1,ıslatmak,suya batırmak,,
soap,noun,A2,sabun,,,
soar,verb,C1,hızla yükselmek,süzülmek,,
soccer,noun,A2,futbol,,,
social,adjective,A2,sosyal,,,
socialist,adjective,C1,sosyalist,,,
society,noun,A2,toplum,,,
sock,noun,A2,çorap,,,
soft,adjective,A2,yumuşak,,,
software,noun,B1,yazılım,,,
soil,noun,B1,toprak,,,
solar,adjective,B2,güneş enerjili,,,
soldier,noun,A2,asker,,,
sole,adjective,C1,tek,yegane,,
solely,adverb,C1,yalnızca,sadece,,
solid,adjective,B1,katı (sağlam),,,
solidarity,noun,C1,dayanışma,,,
solo,adjective,C1,solo,tek başına,bijvoeglijk naamwoord — zie ook solo (zelfstandig) (done alone),
solo,noun,C1,solo,,zelfstandig naamwoord — zie ook solo (bijvoeglijk) (a performance done alone),
solution,noun,A2,çözüm,,,
solve,verb,A2,çözmek,,,
some,determiner,A1,biraz,bazı,,
somebody,pronoun,A1,biri,,,
somehow,adverb,B2,bir şekilde,,,
someone,pronoun,A1,biri,,,
something,pronoun,A1,bir şey,,,
sometime,adverb,B2,bir ara,,,
sometimes,adverb,A1,bazen,,,
somewhat,adverb,B2,biraz (bir dereceye kadar),,,
somewhere,adverb,A2,bir yerde,,,
son,noun,A1,oğul,,,
song,noun,A1,şarkı,,,
soon,adverb,A1,yakında (kısa süre içinde),,,
sophisticated,adjective,B2,sofistike,gelişmiş,,
sophomore,noun,C1,ikinci sınıf öğrencisi,,,
sorry,adjective,A1,üzgün (özür dilerim),,,
sort,noun,A2,tür (çeşit),,"zelfstandig naamwoord — zie ook sort (werkwoord) (a type, category)",
sort,verb,B1,sıralamak (ayıklamak),,werkwoord — zie ook sort (zelfstandig naamwoord) (to arrange into groups/order),
soul,noun,B2,ruh,,,
sound,adjective,C1,sağlam,mantıklı,"(healthy, reliable)",
sound,noun,A1,ses,,zelfstandig naamwoord — zie ook sound (werkwoord) (what is heard),
sound,verb,A1,kulağa gelmek (gibi görünmek),,"werkwoord — zie ook sound (zelfstandig naamwoord) (to seem, appear a certain way)",
soup,noun,A1,çorba,,,
source,noun,A2,kaynak,,,
south,noun,A1,güney,,,
southern,adjective,B1,güneydeki,,,
sovereignty,noun,C1,egemenlik,,,
space,noun,A1,uzay,alan (boşluk),,
spam,noun,C1,istenmeyen posta,spam,,
span,verb,C1,kapsamak,,werkwoord — zie ook span (zelfstandig naamwoord) (to extend across),
span,noun,C1,süre,aralık,zelfstandig naamwoord — zie ook span (werkwoord) (the length something extends over),
spare,verb,C1,ayırmak,esirgemek,"werkwoord — zie ook spare (bijvoeglijk) (to make available, e.g. time)",
spare,adjective,B2,yedek,,"bijvoeglijk naamwoord (reserve, bv. reserveband) — zie ook spare (vrije tijd) (extra, kept in reserve)",
spare,adjective,C1,boş,,"bijvoeglijk naamwoord (vrij/beschikbaar, bv. vrije tijd) — zie ook spare (reserve) (extra, kept in reserve)",
spark,verb,C1,kıvılcım çıkarmak,tetiklemek,,
speak,verb,A1,konuşmak,,,
speaker,noun,A2,konuşmacı,,zelfstandig naamwoord (een sprekend persoon) — zie ook speaker (luidspreker),
speaker,noun,B1,hoparlör,,zelfstandig naamwoord (luidspreker) — zie ook speaker (spreker),
special,adjective,A1,özel,,,
specialist,noun,B2,uzman,,,
specialize,verb,B1,uzmanlaşmak,,,
specialized,adjective,C1,uzmanlaşmış,,,
species,noun,B2,tür (canlı),,,
specific,adjective,A2,belirli (özel),,,
specifically,adverb,B1,özellikle (belirli olarak),,,
specification,noun,C1,özellik,teknik şart,,
specify,verb,B2,belirtmek,,,
specimen,noun,C1,örnek,numune,,
spectacle,noun,C1,gösteri,manzara,,
spectacular,adjective,B2,muhteşem,göz kamaştırıcı,,
spectator,noun,B2,seyirci,,,
spectrum,noun,C1,spektrum,yelpaze,,
speculate,verb,B2,spekülasyon yapmak,tahmin yürütmek,,
speculation,noun,B2,spekülasyon,tahmin,,
speech,noun,A2,konuşma (nutuk),,,
speed,noun,A2,hız,,zelfstandig naamwoord — zie ook speed (werkwoord) (how fast something moves),
speed,verb,B2,hızlanmak,,werkwoord — zie ook speed (zelfstandig naamwoord) (to move fast),
spell,noun,C1,büyü,,(a magic charm),
spell,verb,A1,harflerini söylemek (yazmak),,(to write out the letters of a word),
spelling,noun,A1,yazım (imla),,,
spend,verb,A1,harcamak,,,
spending,noun,B1,harcama,,,
sphere,noun,C1,küre,,zelfstandig naamwoord (de vorm bol) — zie ook sphere (invloedssfeer),
sphere,noun,C1,alan,,"zelfstandig naamwoord (figuurlijk domein, bv. invloedssfeer) — zie ook sphere (bolvorm)",
spice,noun,B2,baharat,,,
spicy,adjective,B1,baharatlı (acı),,,
spider,noun,A2,örümcek,,,
spill,verb,B2,dökülmek,,,
spin,verb,C1,döndürmek,,werkwoord — zie ook spin (zelfstandig naamwoord) (to turn rapidly),
spin,noun,C1,dönüş,,zelfstandig naamwoord — zie ook spin (werkwoord) (a rapid turning motion),
spine,noun,C1,omurga,,,
spirit,noun,B1,ruh,,,
spiritual,adjective,B2,ruhani (manevi),,,
spite,noun,B2,inat,kin,,
split,verb,B2,bölmek (ayırmak),,werkwoord — zie ook split (zelfstandig naamwoord) (to divide into parts),
split,noun,B2,bölünme (yarık),,zelfstandig naamwoord — zie ook split (werkwoord) (a division into parts),
spoil,verb,B2,bozmak,şımartmak,,
spoken,adjective,B1,sözlü (konuşulan),,,
spokesman,noun,B2,sözcü,,,
spokesperson,noun,B2,sözcü,,,
spokeswoman,noun,B2,sözcü,,,
sponsor,verb,B2,sponsor olmak,,werkwoord — zie ook sponsor (zelfstandig naamwoord) (to financially support an event/person),
sponsor,noun,B2,sponsor,,zelfstandig naamwoord — zie ook sponsor (werkwoord) (someone who financially supports an event/person),
sponsorship,noun,B2,sponsorluk,,,
spoon,noun,A2,kaşık,,,
sport,noun,A1,spor,,,
spot,verb,B2,fark etmek (görmek),,"werkwoord — zie ook spot (zelfstandig naamwoord) (to notice, catch sight of)",
spot,noun,B1,benek,,"zelfstandig naamwoord (vlek/stip) — zie ook spot (plek) (a small mark, or a particular place)",
spot,noun,B1,yer,,"zelfstandig naamwoord (plek/locatie, bv. ""a nice spot"") — zie ook spot (vlek) (a small mark, or a particular place)",
spotlight,noun,C1,spot ışığı,dikkat merkezi,,
spouse,noun,C1,eş,,,
spread,verb,B1,yaymak,,werkwoord — zie ook spread (zelfstandig naamwoord) (to extend over an area),
spread,noun,B2,yayılma,,zelfstandig naamwoord — zie ook spread (werkwoord) (the extending of something over an area),
spring,noun,A1,ilkbahar,yay (metal),zelfstandig naamwoord — zie ook spring (werkwoord) (the season after winter),
spring,verb,B1,sıçramak (fırlamak),,werkwoord — zie ook spring (zelfstandig naamwoord) (to jump suddenly),
spy,noun,C1,casus,,zelfstandig naamwoord — zie ook spy (werkwoord) (someone who secretly gathers information),
spy,verb,C1,casusluk yapmak,,werkwoord — zie ook spy (zelfstandig naamwoord) (to secretly gather information),
squad,noun,C1,ekip,kadro,,
square,adjective,A2,kare,,bijvoeglijk/zelfstandig naamwoord — zie ook square (meydan) (shaped with four equal sides),
square,noun,A2,meydan,,zelfstandig naamwoord (meydan) — zie ook square (kare) (an open public area in a town),
squeeze,verb,C1,sıkmak,,,
stab,verb,C1,bıçaklamak,,,
stability,noun,C1,istikrar,,,
stabilize,verb,C1,istikrar kazandırmak,,,
stable,adjective,B2,istikrarlı (sağlam),,,
stadium,noun,B1,stadyum,,,
staff,noun,B1,personel,,,
stage,verb,B2,sahneye koymak (düzenlemek),,werkwoord — zie ook stage (zelfstandig naamwoord) (to organize and carry out an event),
stage,noun,A2,sahne,,zelfstandig naamwoord (theaterpodium) — zie ook stage (fase) (a raised platform for performing),
stage,noun,B1,aşama,,zelfstandig naamwoord (fase/stadium) — zie ook stage (theaterpodium) (a raised platform for performing),
stair,noun,A2,merdiven basamağı,,,
stake,noun,C1,hisse,,zelfstandig naamwoord (financieel belang/aandeel) — zie ook stake (paal),
stake,noun,C1,kazık,,zelfstandig naamwoord (houten paal) — zie ook stake (financieel belang),
stall,noun,B2,tezgah,,,
stamp,noun,A2,pul,damga,,
stance,noun,B2,tutum,duruş,,
stand,verb,A1,ayakta durmak,,werkwoord — zie ook stand (zelfstandig naamwoord) (to be upright on one's feet),
stand,noun,B2,stant,,zelfstandig naamwoord (kraam/stalletje) — zie ook stand (standpunt) (a small structure for selling/displaying),
stand,noun,C1,tutum,,zelfstandig naamwoord (standpunt over een kwestie) — zie ook stand (kraam) (a small structure for selling/displaying),
standard,noun,B1,standart,,,
standing,adjective,C1,ayakta,kalıcı,,
star,noun,A1,yıldız,,"zelfstandig naamwoord — zie ook star (werkwoord) (a bright object in the night sky, or a famous performer)",
star,verb,A2,başrol oynamak,,werkwoord — zie ook star (zelfstandig naamwoord) (to play the lead role),
stare,verb,B2,gözünü dikip bakmak,,,
stark,adjective,C1,çarpıcı,katı,,
start,verb,A1,başlamak,,werkwoord — zie ook start (zelfstandig naamwoord) (to begin),
start,noun,A2,başlangıç,,zelfstandig naamwoord — zie ook start (werkwoord) (the beginning),
starve,verb,B2,açlıktan ölmek,,,
state,verb,B1,belirtmek (ifade etmek),,werkwoord — zie ook state (zelfstandig naamwoord) (to formally say),
state,noun,A2,devlet,,zelfstandig naamwoord (land/natie) — zie ook state (toestand) (a country or region with its own government),
state,noun,B1,hal,,zelfstandig naamwoord (toestand/gesteldheid) — zie ook state (land) (a country or region with its own government),
statement,noun,A1,açıklama (ifade),,,
station,noun,A1,istasyon,,,
statistic,noun,B1,istatistik,,,
statistical,adjective,C1,istatistiksel,,,
statue,noun,B1,heykel,,,
status,noun,B2,statü (durum),,,
stay,verb,A1,kalmak,,werkwoord — zie ook stay (zelfstandig naamwoord) (to remain in a place),
stay,noun,A2,kalış (konaklama),,zelfstandig naamwoord — zie ook stay (werkwoord) (a period spent somewhere),
steadily,adverb,B2,istikrarlı bir şekilde,,,
steady,adjective,B2,istikrarlı (sabit),,,
steal,verb,A2,çalmak (hırsızlık),,,
steam,noun,B2,buhar,,,
steel,noun,B2,çelik,,,
steep,adjective,B2,dik (sarp),,,
steer,verb,C1,yönlendirmek,direksiyon çevirmek,,
stem,noun,C1,sap,gövde,zelfstandig naamwoord — zie ook stem (werkwoord) (the main stalk of a plant),
stem,verb,C1,kaynaklanmak,,"werkwoord — zie ook stem (zelfstandig naamwoord) (to originate from, result from)",
step,noun,A2,adım,,"zelfstandig naamwoord — zie ook step (werkwoord) (a movement of the foot, or a stage in a process)",
step,verb,B2,adım atmak,,werkwoord — zie ook step (zelfstandig naamwoord) (to move by lifting and putting down the foot),
stereotype,noun,C1,klişe,basmakalıp yargı,,
stick,verb,B1,yapıştırmak (saplamak),,"werkwoord — zie ook stick (zelfstandig naamwoord) (to attach with glue, or to push into)",
stick,noun,B1,değnek (sopa),,zelfstandig naamwoord — zie ook stick (werkwoord) (a thin piece of wood),
sticky,adjective,B2,yapışkan,,,
stiff,adjective,B2,katı (sert),,,
still,adverb,A1,hâlâ,,"bijwoord — zie ook still (bijvoeglijk) (even now, up to this time)",
still,adjective,B1,hareketsiz (durgun),,bijvoeglijk naamwoord — zie ook still (bijwoord) (not moving),
stimulate,verb,B2,teşvik etmek,canlandırmak,,
stimulus,noun,C1,uyarıcı,teşvik,,
stir,verb,C1,karıştırmak,,,
stock,noun,B2,stok,,zelfstandig naamwoord (voorraad) — zie ook stock (aandeel),
stock,noun,C1,hisse senedi,,zelfstandig naamwoord (financieel aandeel) — zie ook stock (voorraad),
stomach,noun,A2,mide,,,
stone,noun,A2,taş,,,
stop,verb,A1,durmak,,werkwoord — zie ook stop (zelfstandig naamwoord) (to no longer move or continue),
stop,noun,A1,durak,,zelfstandig naamwoord — zie ook stop (werkwoord) (a place where a bus/train halts),
storage,noun,C1,depolama,,,
store,noun,A1,mağaza,,zelfstandig naamwoord — zie ook store (werkwoord) (a shop),
store,verb,B1,depolamak (saklamak),,werkwoord — zie ook store (zelfstandig naamwoord) (to keep for future use),
storm,noun,A2,fırtına,,,
story,noun,A1,hikaye,,,
stove,noun,A2,ocak (soba),,,
straight,adverb,A2,dosdoğru,düz,,
straightforward,adjective,C1,basit,dürüst,,
strain,noun,C1,gerginlik,zorlanma,,
strand,noun,C1,tel,,,
strange,adjective,A2,tuhaf (garip),,,
stranger,noun,B1,yabancı (kişi),,,
strategic,adjective,C1,stratejik,,,
strategy,noun,A2,strateji,,,
stream,noun,B2,dere (akış),,,
street,noun,A1,sokak,,,
strength,noun,B1,güç (kuvvet),,,
strengthen,verb,B2,güçlendirmek,,,
stress,noun,A2,stres,,zelfstandig naamwoord — zie ook stress (werkwoord) (mental/emotional tension),
stress,verb,B2,vurgulamak (stres yapmak),,"werkwoord — zie ook stress (zelfstandig naamwoord) (to emphasize, or to cause tension)",
stretch,verb,B2,germek (uzanmak),,"werkwoord — zie ook stretch (zelfstandig naamwoord) (to extend, make longer)",
stretch,noun,B2,gerinme (uzanma),,zelfstandig naamwoord — zie ook stretch (werkwoord) (an area/period without interruption),
strict,adjective,B2,katı (sıkı),,,
strictly,adverb,B2,kesinlikle,sıkı sıkıya,,
strike,verb,B2,vurmak (grev yapmak),,"werkwoord — zie ook strike (zelfstandig naamwoord) (to hit, or to stop working in protest)",
strike,noun,B2,grev,,zelfstandig naamwoord (arbeidersstaking) — zie ook strike (klap) (a work stoppage by employees),
strike,noun,C1,vuruş,,zelfstandig naamwoord (klap/slag) — zie ook strike (staking) (a work stoppage by employees),
striking,adjective,B2,çarpıcı,,,
string,noun,B1,ip (tel),,,
strip,noun,C1,şerit,,zelfstandig naamwoord — zie ook strip (werkwoord) (a long narrow piece),
strip,verb,C1,soymak,şeritlere ayırmak,werkwoord — zie ook strip (zelfstandig naamwoord) (to remove clothing/covering from),
strive,verb,C1,çabalamak,,,
stroke,noun,B2,inme,,zelfstandig naamwoord (medische beroerte) — zie ook stroke (slag),
stroke,noun,C1,vuruş,,"zelfstandig naamwoord (slag/beweging, bv. zwemslag) — zie ook stroke (beroerte)",
strong,adjective,A1,güçlü,,,
strongly,adverb,B1,güçlü bir şekilde,,,
structural,adjective,C1,yapısal,,,
structure,noun,A2,yapı,,zelfstandig naamwoord — zie ook structure (werkwoord) (the way parts are organized/built),
structure,verb,B2,yapılandırmak,,werkwoord — zie ook structure (zelfstandig naamwoord) (to organize the parts of),
struggle,verb,B2,mücadele etmek,,werkwoord — zie ook struggle (zelfstandig naamwoord) (to fight/try hard against difficulty),
struggle,noun,B2,mücadele,,zelfstandig naamwoord — zie ook struggle (werkwoord) (a hard fight/effort),
student,noun,A1,öğrenci,,,
studio,noun,B1,stüdyo,,,
study,noun,A1,çalışma (araştırma),,"zelfstandig naamwoord — zie ook study (werkwoord) (the act of learning, or a piece of research)",
study,verb,A1,çalışmak (öğrenmek),,werkwoord — zie ook study (zelfstandig naamwoord) (to learn by reading/researching),
stuff,noun,B1,eşya (şeyler),,"zelfstandig naamwoord — zie ook stuff (werkwoord) (things, belongings)",
stuff,verb,B2,doldurmak (tıka basa),,werkwoord — zie ook stuff (zelfstandig naamwoord) (to fill tightly),
stumble,verb,C1,tökezlemek,,,
stun,verb,C1,şaşkına çevirmek,sersemletmek,,
stunning,adjective,B2,çarpıcı,muhteşem,,
stupid,adjective,A2,aptal,,,kan als belediging worden opgevat
style,noun,A1,stil (tarz),,,
subject,noun,A1,konu,,zelfstandig naamwoord (schoolvak/onderwerp) — zie ook subject (grammaticaal onderwerp),
subject,noun,B2,özne,,zelfstandig naamwoord (grammaticaal onderwerp van een zin) — zie ook subject (schoolvak),
submission,noun,C1,gönderim,teslimiyet,,
submit,verb,B2,göndermek,,werkwoord (een document indienen/versturen) — zie ook submit (zich onderwerpen),
submit,verb,C1,boyun eğmek,,werkwoord (zich onderwerpen aan gezag) — zie ook submit (indienen),
subscriber,noun,C1,abone,,,
subscription,noun,C1,abonelik,,,
subsequent,adjective,B2,sonraki,,,
subsequently,adverb,B2,daha sonra,,,
subsidy,noun,C1,sübvansiyon,destek,,
substance,noun,B1,madde (özdek),,,
substantial,adjective,C1,önemli,büyük,,
substantially,adverb,C1,önemli ölçüde,,,
substitute,noun,C1,yedek,vekil,zelfstandig naamwoord — zie ook substitute (werkwoord) (a replacement),
substitute,verb,C1,yerine koymak,,werkwoord — zie ook substitute (zelfstandig naamwoord) (to use in place of something else),
substitution,noun,C1,değişim,yerine koyma,,
subtle,adjective,C1,ince,,,
suburb,noun,B2,banliyö,,,
suburban,adjective,C1,banliyöye ait,,,
subway,noun,A2,metro,,,
succeed,verb,A2,başarmak,,,
success,noun,A1,başarı,,,
successful,adjective,A2,başarılı,,,
successfully,adverb,B1,başarıyla,,,
succession,noun,C1,ardıllık,veraset,,
successive,adjective,C1,ardışık,,,
successor,noun,C1,halef,,,
such,determiner,A2,böyle (bu gibi),,,
suck,verb,C1,emmek,,,informeel (bijv. 'this sucks')
sudden,adjective,B1,ani,,,
suddenly,adverb,A2,aniden,,,
sue,verb,C1,dava açmak,,,
suffer,verb,B1,acı çekmek,,,
suffering,noun,B2,acı çekme,,,
sufficient,adjective,B2,yeterli,,,
sufficiently,adverb,B2,yeterince,,,
sugar,noun,A1,şeker,,,
suggest,verb,A2,önermek,,,
suggestion,noun,A2,öneri,,,
suicide,noun,C1,intihar,,,gevoelig onderwerp
suit,noun,A2,takım elbise,,zelfstandig naamwoord — zie ook suit (werkwoord) (a matching jacket and trousers),
suit,verb,B1,uymak (yakışmak),,werkwoord — zie ook suit (zelfstandig naamwoord) (to be convenient/appropriate for),
suitable,adjective,B1,uygun,,,
suite,noun,C1,süit,takım,,
sum,noun,B2,toplam,,,
summarize,verb,B1,özetlemek,,,
summary,noun,B1,özet,,,
summer,noun,A1,yaz,,,
summit,noun,C1,zirve,doruk,,
sun,noun,A1,güneş,,,
super,adjective,B2,harika,süper,,informeel
superb,adjective,C1,mükemmel,,,
superintendent,noun,C1,müfettiş,yönetici,,
superior,adjective,C1,üstün,,,
supermarket,noun,A1,süpermarket,,,
supervise,verb,C1,denetlemek,,,
supervision,noun,C1,denetim,gözetim,,
supervisor,noun,C1,denetçi,amir,,
supplement,noun,C1,takviye,ek,zelfstandig naamwoord — zie ook supplement (werkwoord) (something added to complete/improve),
supplement,verb,C1,tamamlamak,,werkwoord — zie ook supplement (zelfstandig naamwoord) (to add to in order to complete/improve),
supply,noun,B1,arz (tedarik),,zelfstandig naamwoord — zie ook supply (werkwoord) (an amount available for use),
supply,verb,B1,tedarik etmek,,werkwoord — zie ook supply (zelfstandig naamwoord) (to provide),
support,verb,A2,desteklemek,,"werkwoord — zie ook support (zelfstandig naamwoord) (to help, back)",
support,noun,A2,destek,,"zelfstandig naamwoord — zie ook support (werkwoord) (help, backing)",
supporter,noun,B1,destekçi,,,
supportive,adjective,C1,destekleyici,,,
suppose,verb,A2,sanmak (varsaymak),,,
supposedly,adverb,C1,güya,sözde,,
suppress,verb,C1,bastırmak,,,
supreme,adjective,C1,en yüksek,yüce,,
sure,adjective,A1,emin,,,
surely,adverb,B1,kesinlikle (eminim ki),,,
surface,noun,B1,yüzey,,,
surge,noun,C1,ani artış,,zelfstandig naamwoord — zie ook surge (werkwoord) (a sudden strong increase),
surge,verb,C1,aniden artmak,,werkwoord — zie ook surge (zelfstandig naamwoord) (to increase suddenly and strongly),
surgeon,noun,B2,cerrah,,,
surgery,noun,B2,ameliyat,,,
surgical,adjective,C1,cerrahi,,,
surplus,noun,C1,fazlalık,,,
surprise,noun,A2,sürpriz,,zelfstandig naamwoord — zie ook surprise (werkwoord) (an unexpected event/feeling),
surprise,verb,A2,şaşırtmak,,werkwoord — zie ook surprise (zelfstandig naamwoord) (to cause an unexpected feeling),
surprised,adjective,A2,şaşırmış,,,
surprising,adjective,A2,şaşırtıcı,,,
surrender,verb,C1,teslim olmak,,,
surround,verb,B2,çevrelemek (sarmak),,,
surrounding,adjective,B2,çevredeki,,,
surveillance,noun,C1,gözetim,,,
survey,noun,A2,anket,,zelfstandig naamwoord — zie ook survey (werkwoord) (a study collecting opinions/data),
survey,verb,B2,anket yapmak (incelemek),,"werkwoord — zie ook survey (zelfstandig naamwoord) (to collect opinions/data, or examine)",
survival,noun,B2,hayatta kalma,,,
survive,verb,B1,hayatta kalmak,,,
survivor,noun,B2,hayatta kalan,,,
suspect,verb,B2,şüphelenmek,,"werkwoord — zie ook suspect (zelfstandig naamwoord) (to believe someone has done something, without proof)",
suspect,noun,B2,şüpheli (kişi),,zelfstandig naamwoord — zie ook suspect (werkwoord) (someone thought to have done a crime),
suspend,verb,B2,askıya almak,,,
suspension,noun,C1,askıya alma,,,
suspicion,noun,C1,şüphe,,,
suspicious,adjective,C1,şüpheli,,,
sustain,verb,C1,sürdürmek,,,
sustainable,adjective,B2,sürdürülebilir,,,
swallow,verb,B2,yutmak,,,
swear,verb,B2,küfretmek,yemin etmek,,
sweater,noun,A1,kazak,,,
sweep,verb,B2,süpürmek,,,
sweet,adjective,A2,tatlı,,,
swim,verb,A1,yüzmek,,,
swimming,noun,A1,yüzme,,,
swing,verb,C1,sallanmak,,werkwoord — zie ook swing (zelfstandig naamwoord) (to move back and forth),
swing,noun,C1,salıncak,,zelfstandig naamwoord (speeltuinschommel) — zie ook swing (schommeling) (a seat that moves back and forth),
swing,noun,C1,dalgalanma,,"zelfstandig naamwoord (schommeling, bv. stemmingswisseling) — zie ook swing (speeltoestel) (a seat that moves back and forth)",
switch,verb,B1,değiştirmek (geçiş yapmak),,werkwoord — zie ook switch (zelfstandig naamwoord) (to change from one thing to another),
switch,noun,B2,anahtar (elektrik düğmesi),,zelfstandig naamwoord — zie ook switch (werkwoord) (a device that turns something on/off),
sword,noun,C1,kılıç,,,
symbol,noun,A2,sembol,,,
symbolic,adjective,C1,sembolik,,,
sympathetic,adjective,B2,şefkatli,anlayışlı,,
sympathy,noun,B2,sempati (anlayış),,,
symptom,noun,B1,belirti,,, 
syndrome,noun,C1,sendrom,,,
synthesis,noun,C1,sentez,,,
system,noun,A2,sistem,,,
systematic,adjective,C1,sistematik,,,
table,noun,A1,masa,,,
tablet,noun,A2,tablet,,,
tackle,noun,C1,müdahale (spor),,"zelfstandig naamwoord — zie ook tackle (werkwoord) (the equipment used, or a challenging move in sport)",
tackle,verb,B2,ele almak,,werkwoord (een probleem aanpakken) — zie ook tackle (sporttackle) (to try to deal with a difficult problem),
tackle,verb,C1,müdahale etmek,,"werkwoord (fysiek tackelen, sport) — zie ook tackle (een probleem aanpakken) (to try to deal with a difficult problem)",
tactic,noun,C1,taktik,,,
tactical,adjective,C1,taktiksel,,,
tag,noun,B2,etiket,,zelfstandig naamwoord — zie ook tag (werkwoord) (a small label),
tag,verb,B2,etiketlemek,,werkwoord — zie ook tag (zelfstandig naamwoord) (to attach a label to),
tail,noun,B1,kuyruk,,,
take,verb,A1,almak (götürmek),,,
tale,noun,B2,masal (hikaye),,,
talent,noun,B1,yetenek,,,
talented,adjective,B1,yetenekli,,,
talk,verb,A1,konuşmak,,werkwoord — zie ook talk (zelfstandig naamwoord) (to speak),
talk,noun,A2,konuşma (sohbet),,"zelfstandig naamwoord — zie ook talk (werkwoord) (a conversation, or a speech)",
tall,adjective,A1,uzun boylu,,,
tank,noun,B2,tank,,zelfstandig naamwoord (militair gevechtsvoertuig) — zie ook tank (opslagtank),
tank,noun,B2,depo,,zelfstandig naamwoord (opslagtank/reservoir) — zie ook tank (gevechtsvoertuig),
tap,verb,B2,hafifçe vurmak,,werkwoord (licht aantikken) — zie ook tap (op scherm tikken) (to hit lightly),
tap,verb,B2,dokunmak,,werkwoord (op een scherm tikken) — zie ook tap (licht aantikken) (to hit lightly),
tap,noun,B2,musluk,,zelfstandig naamwoord (waterkraan) — zie ook tap (tikje) (a device for controlling water flow),
tap,noun,C1,hafif vuruş,,zelfstandig naamwoord (licht tikje) — zie ook tap (waterkraan) (a device for controlling water flow),
tape,noun,B1,bant,,,
target,noun,A2,hedef,,zelfstandig naamwoord — zie ook target (werkwoord) (the thing aimed at),
target,verb,B2,hedeflemek,,werkwoord — zie ook target (zelfstandig naamwoord) (to aim at),
task,noun,A2,görev (iş),,,
taste,noun,A2,tat,,zelfstandig naamwoord — zie ook taste (werkwoord) (the flavor of food),
taste,verb,A2,tatmak,,werkwoord — zie ook taste (zelfstandig naamwoord) (to sense the flavor of),
tax,noun,B1,vergi,,,
taxi,noun,A1,taksi,,,
taxpayer,noun,C1,vergi mükellefi,,,
tea,noun,A1,çay,,,
teach,verb,A1,öğretmek,,,
teacher,noun,A1,öğretmen,,,
teaching,noun,A2,öğretme (öğretmenlik),,,
team,noun,A1,takım,,,
tear,verb,B2,yırtmak,,werkwoord (yırtmak) — zie ook tear (gözyaşı) (to rip),
tear,noun,B2,gözyaşı,,zelfstandig naamwoord (gözyaşı) — zie ook tear (werkwoord) (a drop of liquid from the eye),
technical,adjective,B1,teknik,,,
technique,noun,B1,teknik (yöntem),,,
technological,adjective,B2,teknolojik,,,
technology,noun,A2,teknoloji,,,
teen,noun,B2,genç,,zelfstandig naamwoord — zie ook teen (bijvoeglijk) (a person aged 13 to 19),
teen,adjective,B2,genç,,bijvoeglijk naamwoord — zie ook teen (zelfstandig) (aged 13 to 19),
teenage,adjective,A2,ergen (gençlik çağı),,,
teenager,noun,A1,genç (ergen),,,
telephone,noun,A1,telefon,,,
television,noun,A1,televizyon,,,
tell,verb,A1,söylemek (anlatmak),,,
temperature,noun,A2,sıcaklık,,,
temple,noun,B2,tapınak,,"zelfstandig naamwoord (religieuze tempel) — zie ook temple (slaap, hoofd)",
temple,noun,C1,şakak,,"zelfstandig naamwoord (slaap, zijkant van het hoofd) — zie ook temple (tempel)",
temporarily,adverb,B2,geçici olarak,,,
temporary,adjective,B2,geçici,,,
tempt,verb,C1,ayartmak,cezbetmek,,
ten,number,A1,on,,,
tenant,noun,C1,kiracı,,,
tend,verb,B1,eğiliminde olmak,,,
tendency,noun,B2,eğilim,,,
tender,adjective,C1,hassas,yumuşak,,
tennis,noun,A1,tenis,,,
tension,noun,B2,gerginlik,gerilim,,
tent,noun,B1,çadır,,,
tenure,noun,C1,kadrolu görev süresi,,, 
term,noun,A2,dönem (terim),,"zelfstandig naamwoord — zie ook term (werkwoord) (a word/phrase, or a period of time)",
term,verb,B2,adlandırmak,,"werkwoord — zie ook term (zelfstandig naamwoord) (to call, name)",
terminal,noun,B2,terminal,,"zelfstandig naamwoord (eindstation, bv. busterminal/vliegveld) — zie ook terminal (dodelijk) (a building for departures/arrivals)",
terminal,adjective,C1,ölümcül,,"bijvoeglijk naamwoord (dodelijk, bv. terminale ziekte) — zie ook terminal (eindstation) (leading to death, final)",
terminate,verb,C1,sonlandırmak,,,
terms,noun,B2,şartlar,koşullar,,
terrain,noun,C1,arazi,,,
terrible,adjective,A1,korkunç (berbat),,,
terribly,adverb,B2,son derece,korkunç şekilde,,
terrific,adjective,C1,harika,,,
terrify,verb,B2,dehşete düşürmek,,,
territory,noun,B2,toprak (bölge),alan,,
terror,noun,B2,dehşet,,,
terrorism,noun,B2,terörizm,,,
terrorist,noun,B2,terörist,,,
test,noun,A1,test (sınav),,zelfstandig naamwoord — zie ook test (werkwoord) (a set of questions to check knowledge/ability),
test,verb,A1,test etmek,,werkwoord — zie ook test (zelfstandig naamwoord) (to check the knowledge/ability/quality of),
testify,verb,C1,tanıklık etmek,,,
testimony,noun,C1,tanıklık,ifade,,
testing,noun,B2,test etme,,,
text,noun,A1,metin,,zelfstandig naamwoord — zie ook text (werkwoord) (written words),
text,verb,A2,mesaj atmak,,werkwoord — zie ook text (zelfstandig naamwoord) (to send a written message by phone),
textbook,noun,B2,ders kitabı,,,
texture,noun,C1,doku,,,
than,conjunction,A1,-den (karşılaştırma),,,
thank,verb,A1,teşekkür etmek,,,
thankfully,adverb,C1,şükürler olsun ki,,,
thanks,exclamation,A1,teşekkürler,,,
that,determiner,A1,şu (o),,,
theater,noun,A1,tiyatro,,,
theatrical,adjective,C1,tiyatral,,,
theft,noun,B2,hırsızlık,,,
their,determiner,A1,onların,,,
theirs,pronoun,B1,onlarınki,,,
them,pronoun,A1,onları,,,
theme,noun,B1,tema (konu),,,
themselves,pronoun,A2,kendileri,,,
then,adverb,A1,sonra (o zaman),,,
theology,noun,C1,ilahiyat,teoloji,,
theoretical,adjective,C1,teorik,,,
theory,noun,B1,teori,,,
therapist,noun,B2,terapist,,,
therapy,noun,B2,terapi,,, 
there,adverb,A1,orada,,,
thereafter,adverb,C1,ondan sonra,,,
thereby,adverb,C1,böylece,,,
therefore,adverb,B1,bu nedenle,,,
thesis,noun,B2,tez,,,
they,pronoun,A1,onlar,,,
thick,adjective,A2,kalın,,,
thief,noun,A2,hırsız,,,
thin,adjective,A2,ince (zayıf),,,
thing,noun,A1,şey,,,
think,verb,A1,düşünmek,,,
thinking,noun,A2,düşünme,,,
third,number,A1,üçüncü,,,
thirsty,adjective,A1,susamış,,,
thirteen,number,A1,on üç,,,
thirty,number,A1,otuz,,,
this,determiner,A1,bu,,,
thorough,adjective,B2,kapsamlı (titiz),eksiksiz,,
thoroughly,adverb,B2,tamamen,,,
though,conjunction,B1,gerçi (rağmen),,,
thought,noun,A2,düşünce,,,
thought-provoking,adjective,C1,düşündürücü,,,
thoughtful,adjective,B2,düşünceli,,,
thousand,number,A1,bin,,,
thread,noun,C1,iplik,,zelfstandig naamwoord (naaigaren) — zie ook thread (forumdraad),
thread,noun,C1,konu,,zelfstandig naamwoord (forumdraad/discussieonderwerp online) — zie ook thread (garen),
threat,noun,B2,tehdit,,,
threaten,verb,B2,tehdit etmek,,,
three,number,A1,üç,,,
threshold,noun,C1,eşik,,,
thrilled,adjective,C1,heyecanlı,,,
thrive,verb,C1,gelişmek (başarılı olmak),,,
throat,noun,B1,boğaz,,,
through,preposition,A1,içinden (aracılığıyla),,,
throughout,preposition,B1,boyunca (her yerinde),,,
throw,verb,A2,fırlatmak (atmak),,,
thumb,noun,B2,başparmak,,,
thus,adverb,B2,böylece,,,
ticket,noun,A1,bilet,,,
tide,noun,C1,gelgit,,,
tie,verb,A2,bağlamak,,werkwoord — zie ook tie (zelfstandig naamwoord) (to fasten with string/rope),
tie,noun,A2,kravat,,zelfstandig naamwoord (stropdas) — zie ook tie (gelijkspel) (the strip of cloth worn around the neck),
tie,noun,B2,beraberlik,,zelfstandig naamwoord (gelijke stand/gelijkspel) — zie ook tie (stropdas) (the strip of cloth worn around the neck),
tight,adjective,B1,sıkı (dar),,,
tighten,verb,C1,sıkılaştırmak,,,
till,conjunction,B1,-e kadar,,,
timber,noun,C1,kereste,,,
time,noun,A1,zaman,,,
timely,adjective,C1,zamanında,,,
timing,noun,B2,zamanlama,,,
tiny,adjective,B1,minik (çok küçük),,,
tip,noun,A2,bahşiş,,zelfstandig naamwoord (fooi) — zie ook tip (tip/advies) (extra money given for service),
tip,noun,B1,ipucu,,zelfstandig naamwoord (advies/aanwijzing) — zie ook tip (fooi) (extra money given for service),
tip,verb,B1,bahşiş vermek,,werkwoord (fooi geven) — zie ook tip (omkantelen) (to give extra money for service),
tip,verb,B2,devirmek,,werkwoord (omkantelen/omvallen) — zie ook tip (fooi geven) (to give extra money for service),
tire,noun,B1,lastik (araç),,,
tired,adjective,A1,yorgun,,,
tissue,noun,B2,doku,,zelfstandig naamwoord (biologisch weefsel) — zie ook tissue (papieren zakdoek),
tissue,noun,B2,mendil,,zelfstandig naamwoord (papieren zakdoek) — zie ook tissue (weefsel),
title,noun,A1,başlık,,zelfstandig naamwoord (boek/document) — zie ook title (eretitel),
title,noun,A1,unvan,,zelfstandig naamwoord (eretitel) — zie ook title (boek/document),
to,preposition,A1,-e (yönelim),,,
tobacco,noun,C1,tütün,,,
today,adverb,A1,bugün,,,
toe,noun,B1,ayak parmağı,,,
together,adverb,A1,birlikte,,,
toilet,noun,A1,tuvalet,,,
tolerance,noun,C1,hoşgörü,tolerans,,
tolerate,verb,C1,hoşgörmek,katlanmak,,
toll,noun,C1,bedel,,"zelfstandig naamwoord (tol/verlies, bv. dodental) — zie ook toll (wegtol)",
toll,noun,C1,geçiş ücreti,,zelfstandig naamwoord (tol voor een weg/brug) — zie ook toll (verlies),
tomato,noun,A1,domates,,,
tomorrow,adverb,A1,yarın,,,
ton,noun,B1,ton (ağırlık),,,
tone,noun,B2,ton (ses tonu),,,
tongue,noun,B1,dil (organ),,,
tonight,adverb,A1,bu gece,,,
too,adverb,A1,de/da (ayrıca),fazla,,
tool,noun,A2,alet,,,
tooth,noun,A1,diş,,,
top,verb,C1,aşmak (rekor),en başına geçmek,"(to be better than, exceed)",
top,noun,A2,üst (tepe),,(the highest point),
topic,noun,A1,konu,,,
torture,noun,C1,işkence,,zelfstandig naamwoord — zie ook torture (werkwoord) (the causing of severe pain),
torture,verb,C1,işkence etmek,,werkwoord — zie ook torture (zelfstandig naamwoord) (to cause severe pain to),
toss,verb,C1,fırlatmak,,,
total,verb,C1,toplamı bulmak,toplam etmek,(to add up to),
total,adjective,B1,toplam,,"(complete, entire)",
totally,adverb,B1,tamamen,,,
touch,verb,A2,dokunmak,,werkwoord — zie ook touch (zelfstandig naamwoord) (to make physical contact with),
touch,noun,B1,dokunuş,,zelfstandig naamwoord — zie ook touch (werkwoord) (physical contact),
tough,adjective,B2,zorlu (sert),,,
tour,noun,A2,tur (gezi),,zelfstandig naamwoord — zie ook tour (werkwoord) (a trip visiting several places),
tour,verb,B1,tur yapmak,,werkwoord — zie ook tour (zelfstandig naamwoord) (to travel around visiting several places),
tourism,noun,A2,turizm,,,
tourist,noun,A1,turist,,,
tournament,noun,B2,turnuva,,,
toward,preposition,A2,doğru (yönünde),,,
towel,noun,A2,havlu,,,
tower,noun,A2,kule,,,
town,noun,A1,kasaba,,,
toxic,adjective,C1,zehirli,toksik,,
toy,noun,A2,oyuncak,,,
trace,verb,B2,izini sürmek,,werkwoord — zie ook trace (zelfstandig naamwoord) (to find by following signs),
trace,noun,C1,iz,,zelfstandig naamwoord — zie ook trace (werkwoord) (a small remaining sign),
track,verb,B2,izlemek (takip etmek),,werkwoord — zie ook track (zelfstandig naamwoord) (to follow the movement of),
track,noun,A2,parça,,"zelfstandig naamwoord (nummer/track van een album) — zie ook track (pad) (a song, or a path)",
track,noun,B1,iz,,"zelfstandig naamwoord (pad/spoor) — zie ook track (muzieknummer) (a song, or a path)",
trade,noun,B1,ticaret,,zelfstandig naamwoord — zie ook trade (werkwoord) (the buying/selling of goods),
trade,verb,B1,ticaret yapmak,,werkwoord — zie ook trade (zelfstandig naamwoord) (to buy/sell/exchange goods),
trademark,noun,C1,ticari marka,,,
trading,noun,B2,ticaret,alım satım,,
tradition,noun,A2,gelenek,,,
traditional,adjective,A2,geleneksel,,,
traffic,noun,A1,trafik,,,
tragedy,noun,B2,trajedi,facia,,
tragic,adjective,B2,trajik,,,
trail,noun,C1,patika,iz,zelfstandig naamwoord — zie ook trail (werkwoord) (a rough path),
trail,verb,C1,peşinden gitmek,,werkwoord — zie ook trail (zelfstandig naamwoord) (to follow behind),
trailer,noun,C1,fragman,,zelfstandig naamwoord (filmtrailer) — zie ook trailer (aanhangwagen),
trailer,noun,C1,römork,,zelfstandig naamwoord (aanhangwagen) — zie ook trailer (filmtrailer),
train,noun,A1,tren,,zelfstandig naamwoord — zie ook train (werkwoord) (the railway vehicle),
train,verb,A2,antrenman yapmak (eğitmek),,werkwoord — zie ook train (zelfstandig naamwoord) (to practice/teach a skill),
trainer,noun,B1,antrenör,,,
training,noun,A2,eğitim (antrenman),,,
trait,noun,B2,özellik,,,
transaction,noun,C1,işlem,,,
transcript,noun,C1,transkript,not dökümü,,
transfer,verb,B2,transfer etmek (aktarmak),,werkwoord — zie ook transfer (zelfstandig naamwoord) (to move from one place to another),
transfer,noun,B2,transfer (aktarma),,zelfstandig naamwoord — zie ook transfer (werkwoord) (the moving of something from one place to another),
transform,verb,B2,dönüştürmek,,,
transformation,noun,C1,dönüşüm,,,
transit,noun,C1,transit,geçiş,,
transition,noun,B2,geçiş,,,
translate,verb,B1,çevirmek (tercüme etmek),,,
translation,noun,B1,çeviri,,,
transmission,noun,C1,iletim,,"zelfstandig naamwoord (algemene overdracht, bv. van data/ziekte) — zie ook transmission (versnellingsbak)",
transmission,noun,C1,şanzıman,,zelfstandig naamwoord (versnellingsbak van een auto) — zie ook transmission (overdracht),
transmit,verb,B2,iletmek,yaymak,,
transparency,noun,C1,şeffaflık,,,
transparent,adjective,C1,şeffaf,,,
transport,verb,B1,taşımak (nakletmek),,,
transportation,noun,A2,ulaşım,,,
trap,noun,B2,tuzak,,zelfstandig naamwoord — zie ook trap (werkwoord) (a device for catching something),
trap,verb,B2,tuzağa düşürmek,,werkwoord — zie ook trap (zelfstandig naamwoord) (to catch in a device or situation),
trash,noun,A2,çöp,,,
trauma,noun,C1,travma,,,
travel,verb,A1,seyahat etmek,,werkwoord — zie ook travel (zelfstandig naamwoord) (to go from one place to another),
travel,noun,A1,seyahat,,zelfstandig naamwoord — zie ook travel (werkwoord) (going from one place to another),
traveler,noun,A2,gezgin (yolcu),,,
treasure,noun,B2,hazine,,,
treat,verb,B1,davranmak (tedavi etmek),,,
treatment,noun,B1,tedavi,,,
treaty,noun,C1,antlaşma,,,
tree,noun,A1,ağaç,,,
tremendous,adjective,C1,muazzam,,,
trend,noun,B1,trend (eğilim),,,
trial,noun,B2,dava (deneme),,,
tribal,adjective,C1,kabile ile ilgili,,,
tribe,noun,B2,kabile,,,
tribute,noun,C1,saygı gösterisi,,zelfstandig naamwoord (eerbetoon) — zie ook tribute (schatting/afkoopsom),
tribute,noun,C1,haraç,,zelfstandig naamwoord (schatting/afkoopsom aan een heerser) — zie ook tribute (eerbetoon),
trick,noun,B1,hile (numara),,zelfstandig naamwoord — zie ook trick (werkwoord) (a deceptive/clever act),
trick,verb,B1,kandırmak,,werkwoord — zie ook trick (zelfstandig naamwoord) (to deceive),
trigger,verb,B2,tetiklemek,,werkwoord — zie ook trigger (zelfstandig naamwoord) (to cause something to start happening),
trigger,noun,C1,tetik,,zelfstandig naamwoord — zie ook trigger (werkwoord) (the lever that fires a gun),
trillion,number,B2,trilyon,,,
trio,noun,C1,üçlü,,,
trip,noun,A1,gezi (yolculuk),,,
triumph,noun,C1,zafer,,,
troop,noun,B2,asker birliği,,,
trophy,noun,C1,kupa,,,
tropical,adjective,B2,tropikal,,,
trouble,noun,A2,sorun (bela),,"zelfstandig naamwoord — zie ook trouble (werkwoord) (difficulty, a problem)",
trouble,verb,B2,rahatsız etmek,,werkwoord — zie ook trouble (zelfstandig naamwoord) (to cause worry/difficulty for),
troubled,adjective,C1,sorunlu,sıkıntılı,,
truck,noun,A1,kamyon,,,
true,adjective,A1,doğru (gerçek),,,
truly,adverb,B2,gerçekten (samimiyetle),,,
trust,noun,B2,güven,,zelfstandig naamwoord — zie ook trust (werkwoord) (confidence in someone's honesty),
trust,verb,B2,güvenmek,,werkwoord — zie ook trust (zelfstandig naamwoord) (to have confidence in someone's honesty),
trustee,noun,C1,mütevelli,yönetim kurulu üyesi,,
truth,noun,B1,gerçek (hakikat),,,
try,verb,A1,denemek,,werkwoord — zie ook try (zelfstandig naamwoord) (to attempt),
try,noun,B2,deneme,,zelfstandig naamwoord — zie ook try (werkwoord) (an attempt),
tsunami,noun,B2,tsunami,,,
tube,noun,B1,tüp (boru),,,
tuition,noun,C1,öğrenim ücreti,özel ders,,
tumor,noun,C1,tümör,,,gevoelig onderwerp
tune,noun,B2,ezgi (melodi),,,
tunnel,noun,B2,tünel,,,
turn,verb,A1,dönmek (çevirmek),,"werkwoord — zie ook turn (zelfstandig naamwoord) (to change direction, or rotate)",
turn,noun,A1,sıra (dönüş),,"zelfstandig naamwoord — zie ook turn (werkwoord) (one's chance to act, or a change of direction)",
turnout,noun,C1,katılım oranı,,,
turnover,noun,C1,ciro,,zelfstandig naamwoord (bedrijfsomzet) — zie ook turnover (personeelsverloop),
turnover,noun,C1,personel devir hızı,,zelfstandig naamwoord (personeelsverloop) — zie ook turnover (omzet),
twelve,number,A1,on iki,,,
twenty,number,A1,yirmi,,,
twice,adverb,A1,iki kez,,,
twin,noun,A2,ikiz,,,
twist,verb,C1,bükmek,,werkwoord (fysiek verdraaien) — zie ook twist (woorden verdraaien) (to bend/turn into a curved shape),
twist,verb,C1,çarpıtmak,,werkwoord (woorden/feiten verdraaien) — zie ook twist (fysiek verdraaien) (to bend/turn into a curved shape),
twist,noun,C1,büküm,,zelfstandig naamwoord (fysieke draai) — zie ook twist (onverwachte wending) (a curving turn),
twist,noun,C1,beklenmedik gelişme,,zelfstandig naamwoord (onverwachte plotwending) — zie ook twist (fysieke draai) (a curving turn),
two,number,A1,iki,,,
type,noun,A1,tür (çeşit),,"zelfstandig naamwoord — zie ook type (werkwoord) (a category, kind)",
type,verb,B1,yazmak (klavyeyle),,werkwoord — zie ook type (zelfstandig naamwoord) (to write using a keyboard),
typical,adjective,A2,tipik,,,
typically,adverb,B1,tipik olarak,,,
ugly,adjective,B1,çirkin,,,
ultimate,adjective,B2,nihai,en üstün,,
ultimately,adverb,B2,sonunda (nihayetinde),,,
umbrella,noun,A1,şemsiye,,,
unable,adjective,B1,yapamayan (aciz),,,
unacceptable,adjective,B2,kabul edilemez,,,
uncertainty,noun,B2,belirsizlik,,,
uncle,noun,A1,amca (dayı),,,
uncomfortable,adjective,B1,rahatsız (edici),,,
unconscious,adjective,B2,bilinçsiz (baygın),,,
unconstitutional,adjective,C1,anayasaya aykırı,,,
under,preposition,A1,altında,,,
undergo,verb,B2,geçirmek (deneyimlemek),,,
undergraduate,noun,C1,lisans öğrencisi,,,
underground,adjective,A2,yeraltı,,,
underlying,adjective,C1,altta yatan,,,
undermine,verb,C1,zayıflatmak,baltalamak,,
understand,verb,A1,anlamak,,,
understanding,noun,A2,anlayış,,,
undertake,verb,B2,üstlenmek,,,
underwear,noun,B1,iç çamaşırı,,,
undoubtedly,adverb,C1,kuşkusuz,,,
unemployed,adjective,B1,işsiz,,,
unemployment,noun,B1,işsizlik,,,
unexpected,adjective,B2,beklenmedik,,,
unfair,adjective,B1,adaletsiz (haksız),,,
unfold,verb,B2,açılmak (gelişmek),,,
unfortunate,adjective,B2,talihsiz,,,
unfortunately,adverb,A2,ne yazık ki,,,
unhappy,adjective,A2,mutsuz,,,
uniform,noun,A2,üniforma,,,
unify,verb,C1,birleştirmek,,,
union,noun,B1,birlik (sendika),,,
unique,adjective,B2,eşsiz (benzersiz),,,
unit,noun,A2,birim,,,
unite,verb,B2,birleşmek,,,
united,adjective,A2,birleşik,,,
unity,noun,B2,birlik,,,
universal,adjective,B2,evrensel,,,
universe,noun,B2,evren,,,
university,noun,A1,üniversite,,,
unknown,adjective,B2,bilinmeyen,,,
unless,conjunction,B1,-medikçe (eğer değilse),,,
unlike,preposition,B1,aksine (farklı olarak),,,
unlikely,adjective,B1,olası olmayan,,,
unnecessary,adjective,B1,gereksiz,,,
unpleasant,adjective,B1,tatsız (hoş olmayan),,,
unprecedented,adjective,C1,eşi görülmemiş,,,
until,conjunction,A1,-e kadar,,,
unusual,adjective,A2,alışılmadık,,,
unveil,verb,C1,tanıtmak (açıklamak),örtüsünü açmak,,
up,adverb,A1,yukarı,,,
upcoming,adjective,C1,yaklaşan,,,
update,verb,B1,güncellemek,,"werkwoord — zie ook update (zelfstandig naamwoord) (to give new information, bring up to date)",
update,noun,B1,güncelleme,,zelfstandig naamwoord — zie ook update (werkwoord) (new information/version),
upgrade,verb,C1,yükseltmek,,werkwoord — zie ook upgrade (zelfstandig naamwoord) (to improve to a better version),
upgrade,noun,C1,yükseltme,,zelfstandig naamwoord — zie ook upgrade (werkwoord) (an improvement to something),
uphold,verb,C1,desteklemek (savunmak),onaylamak,,
upon,preposition,B1,üzerine,,,
upper,adjective,B2,üst (yukarıdaki),,,
upset,adjective,B1,üzgün (kırgın),,"bijvoeglijk naamwoord — zie ook upset (werkwoord) (unhappy, distressed)",
upset,verb,B1,üzmek,,werkwoord — zie ook upset (bijvoeglijk) (to make unhappy),
upstairs,adverb,A1,üst katta,,,
upward,adverb,B2,yukarı doğru,,,
urban,adjective,B2,kentsel,,,
urge,verb,B2,teşvik etmek (ısrarla istemek),,,
urgent,adjective,B2,acil,,,
us,pronoun,A1,bizi (bize),,,
usage,noun,B2,kullanım,,,
use,verb,A1,kullanmak,,werkwoord — zie ook use (zelfstandig naamwoord) (to employ for a purpose),
use,noun,A2,kullanım,,zelfstandig naamwoord — zie ook use (werkwoord) (the act of using something),
used,adjective,B1,kullanılmış (ikinci el),,bijvoeglijk naamwoord — zie ook used to,
used to,modal verb,A2,eskiden -irdi,,,
useful,adjective,A1,yararlı,,,
useless,adjective,B2,işe yaramaz,,,
user,noun,A2,kullanıcı,,,
usual,adjective,A2,olağan (her zamanki),,,
usually,adverb,A1,genellikle,,,
utility,noun,C1,fayda,kamu hizmeti,,
utilize,verb,C1,kullanmak,yararlanmak,,
utterly,adverb,C1,tamamen,,,
vacation,noun,A1,tatil,,,
vacuum,noun,C1,vakum,,zelfstandig naamwoord (natuurkundig vacuüm) — zie ook vacuum (stofzuiger),
vacuum,noun,C1,elektrikli süpürge,,zelfstandig naamwoord (stofzuiger) — zie ook vacuum (natuurkundig vacuüm),
vague,adjective,C1,belirsiz,,,
valid,adjective,B2,geçerli,,,
validity,noun,C1,geçerlilik,,,
valley,noun,A2,vadi,,,
valuable,adjective,B1,değerli,,,
value,noun,B1,değer,,"zelfstandig naamwoord — zie ook value (werkwoord) (worth, importance)",
value,verb,B2,değer vermek,,werkwoord — zie ook value (zelfstandig naamwoord) (to consider important),
van,noun,B2,minibüs (van),,,
vanish,verb,C1,gözden kaybolmak,,,
variable,noun,C1,değişken,,zelfstandig naamwoord — zie ook variable (bijvoeglijk) (something that can change),
variable,adjective,C1,değişken,,bijvoeglijk naamwoord — zie ook variable (zelfstandig) (likely to change),
variation,noun,B2,varyasyon,değişim,,
varied,adjective,C1,çeşitli,,,
variety,noun,A2,çeşitlilik,,,
various,adjective,B1,çeşitli,,,
vary,verb,B2,değişiklik göstermek,,,
vast,adjective,B2,engin (çok geniş),,,
vegetable,noun,A1,sebze,,,
vehicle,noun,A2,araç (taşıt),,,
vein,noun,C1,damar,,,
venture,noun,C1,girişim,,zelfstandig naamwoord — zie ook venture (werkwoord) (a risky new undertaking),
venture,verb,C1,girişmek (cesaret etmek),,werkwoord — zie ook venture (zelfstandig naamwoord) (to dare to do something risky),
venue,noun,B2,mekan (etkinlik yeri),,,
verbal,adjective,C1,sözlü,,,
verdict,noun,C1,hüküm (jüri kararı),,,
verify,verb,C1,doğrulamak,,,
verse,noun,C1,dize,kıta,,
version,noun,B1,sürüm (versiyon),,,
versus,conjunction,C1,karşı,,,
vertical,adjective,B2,dikey,,,
very,adverb,A1,çok,,,
vessel,noun,C1,gemi,,zelfstandig naamwoord (schip) — zie ook vessel (bloedvat),
vessel,noun,C1,kan damarı,,zelfstandig naamwoord (bloedvat) — zie ook vessel (schip),
veteran,noun,C1,gazi,kıdemli kişi,,
via,preposition,B2,üzerinden (aracılığıyla),,,
viable,adjective,C1,uygulanabilir,yaşayabilir,,
vibrant,adjective,C1,canlı,,,
vice,noun,C1,kötü alışkanlık,ahlaksızlık,,
vicious,adjective,C1,acımasız,vahşi,,
victim,noun,B1,kurban (mağdur),,,
victory,noun,B2,zafer,,,
video,noun,A1,video,,,
view,noun,A2,görüş (manzara),,"zelfstandig naamwoord — zie ook view (werkwoord) (an opinion, or a visible scene)",
view,verb,B1,görmek (görüntülemek),,"werkwoord — zie ook view (zelfstandig naamwoord) (to look at, or to regard/consider)",
viewer,noun,B1,izleyici,,,
viewpoint,noun,B2,bakış açısı,,,
village,noun,A2,köy,,,
violate,verb,C1,ihlal etmek,,,
violation,noun,C1,ihlal,,,
violence,noun,B2,şiddet,,,
violent,adjective,B1,şiddetli (vahşi),,,
virtual,adjective,B2,sanal,,,
virtue,noun,C1,erdem,,,
virus,noun,A2,virüs,,,
visa,noun,B2,vize,,,
visible,adjective,B2,görünür,,,
vision,noun,B2,görme (vizyon),,,
visit,verb,A1,ziyaret etmek,,werkwoord — zie ook visit (zelfstandig naamwoord) (to go see a place/person),
visit,noun,A1,ziyaret,,zelfstandig naamwoord — zie ook visit (werkwoord) (a short stay at a place),
visitor,noun,A1,ziyaretçi,,,
visual,adjective,B2,görsel,,,
vital,adjective,B2,hayati (çok önemli),,,
vitamin,noun,B2,vitamin,,,
vocal,adjective,C1,sesli,,bijvoeglijk naamwoord (openlijk/luidruchtig zijn mening uitend) — zie ook vocal (zang),
vocal,adjective,C1,vokal ile ilgili,,bijvoeglijk naamwoord (met betrekking tot zang/stem) — zie ook vocal (openlijk),
voice,noun,A2,ses (sesi),,,
volume,noun,B2,ses düzeyi,,zelfstandig naamwoord (geluidsvolume) — zie ook volume (inhoud),
volume,noun,C1,hacim,,zelfstandig naamwoord (fysieke inhoud/volume) — zie ook volume (geluidsvolume),
voluntary,adjective,B2,gönüllü,,,
volunteer,noun,B1,gönüllü,,zelfstandig naamwoord — zie ook volunteer (werkwoord) (someone who offers to help without pay),
volunteer,verb,B1,gönüllü olmak,,werkwoord — zie ook volunteer (zelfstandig naamwoord) (to offer to help without pay),
vote,noun,B1,oy,,zelfstandig naamwoord — zie ook vote (werkwoord) (a formal choice in an election),
vote,verb,B1,oy vermek,,werkwoord — zie ook vote (zelfstandig naamwoord) (to formally choose in an election),
voting,noun,B2,oylama,,,
vow,verb,C1,yemin etmek,söz vermek,,
vulnerability,noun,C1,kırılganlık,zafiyet,,
vulnerable,adjective,C1,kırılgan,savunmasız,,
wage,noun,B2,ücret (maaş),,,
wait,verb,A1,beklemek,,,
waiter,noun,A1,garson,,,
wake,verb,A1,uyanmak,,,
walk,verb,A1,yürümek,,werkwoord — zie ook walk (zelfstandig naamwoord) (to move on foot),
walk,noun,A1,yürüyüş,,zelfstandig naamwoord — zie ook walk (werkwoord) (a trip on foot),
wall,noun,A1,duvar,,,
wander,verb,B2,dolaşmak (amaçsızca),,,
want,verb,A1,istemek,,,
war,noun,A2,savaş,,,
ward,noun,C1,koğuş,,,
warehouse,noun,C1,depo,,,
warfare,noun,C1,savaş,,,
warm,adjective,A1,ılık (sıcak),,,
warming,noun,B2,ısınma,,,
warn,verb,B1,uyarmak,,,
warning,noun,B1,uyarı,,,
warrant,verb,C1,gerektirmek,haklı çıkarmak,"werkwoord — zie ook warrant (zelfstandig naamwoord) (to justify, make necessary)",
warrant,noun,C1,tutuklama emri,,zelfstandig naamwoord (arrestatiebevel) — zie ook warrant (garantie) (a legal document authorizing an action),
warrant,noun,C1,garanti,,zelfstandig naamwoord (garantie) — zie ook warrant (arrestatiebevel) (a legal document authorizing an action),
warrior,noun,C1,savaşçı,,,
wash,verb,A1,yıkamak,,,
washing,noun,A2,çamaşır (yıkama),,,
waste,noun,B1,atık (israf),,"zelfstandig naamwoord — zie ook waste (werkwoord) (unwanted material, or careless use)",
waste,verb,B1,israf etmek (boşa harcamak),,"werkwoord — zie ook waste (zelfstandig naamwoord) (to use carelessly, without benefit)",
watch,verb,A1,izlemek,,werkwoord — zie ook watch (zelfstandig naamwoord) (to look at attentively),
watch,noun,A1,kol saati,,zelfstandig naamwoord — zie ook watch (werkwoord) (the device worn on the wrist to tell time),
water,noun,A1,su,,,
wave,noun,A2,dalga,,zelfstandig naamwoord — zie ook wave (werkwoord) (a moving ridge of water),
wave,verb,B1,el sallamak,,werkwoord — zie ook wave (zelfstandig naamwoord) (to move one's hand as a greeting),
way,noun,A1,yol (şekil),,,
we,pronoun,A1,biz,,,
weak,adjective,A2,zayıf,,,
weaken,verb,C1,zayıflatmak,,,
weakness,noun,B2,zayıflık,,,
wealth,noun,B2,zenginlik,,,
wealthy,adjective,B2,zengin,,,
weapon,noun,B1,silah,,,
wear,verb,A1,giymek,,,
weather,noun,A1,hava (durumu),,,
weave,verb,C1,dokumak,,,
web,noun,A2,ağ (internet),,,
website,noun,A1,web sitesi,,,
wedding,noun,A2,düğün,,,
weed,noun,C1,yabani ot,,,
week,noun,A1,hafta,,,
weekend,noun,A1,hafta sonu,,,
weekly,adjective,B2,haftalık,,,
weigh,verb,B1,tartmak (ağırlığında olmak),,,
weight,noun,A2,ağırlık,,,
weird,adjective,B2,tuhaf,garip,,
welcome,exclamation,A1,hoş geldiniz,,,
welfare,noun,B2,refah,,zelfstandig naamwoord (algemeen welzijn) — zie ook welfare (sociale uitkering),
welfare,noun,C1,sosyal yardım,,zelfstandig naamwoord (sociale uitkering) — zie ook welfare (welzijn),
well,noun,C1,kuyu,,(a hole dug to reach water),
well,adverb,A1,iyi,,(in a good way),
well-being,noun,C1,iyi olma hali,refah,,
west,noun,A1,batı,,,
western,adjective,B1,batı ile ilgili,,,
wet,adjective,A2,ıslak,,,
what,pronoun,A1,ne,,,
whatever,determiner,B1,her ne (fark etmez),,,
whatsoever,adverb,C1,hiçbir şekilde,,,
wheat,noun,B2,buğday,,,
wheel,noun,A2,tekerlek,,,
when,adverb,A1,ne zaman,,,
whenever,conjunction,B1,her ne zaman,,,
where,adverb,A1,nerede,,,
whereas,conjunction,B2,oysa (halbuki),,,
whereby,adverb,C1,bununla,,,
wherever,conjunction,B2,her nerede,,,
whether,conjunction,B1,olup olmadığı,,,
which,pronoun,A1,hangi,,,
while,conjunction,A2,iken (esnasında),,,
whip,verb,C1,kırbaçlamak,,,
whisper,verb,B2,fısıldamak,,werkwoord — zie ook whisper (zelfstandig naamwoord) (to speak very quietly),
whisper,noun,B2,fısıltı,,zelfstandig naamwoord — zie ook whisper (werkwoord) (very quiet speech),
white,adjective,A1,beyaz,,,
who,pronoun,A1,kim,,,
whoever,pronoun,B2,her kim,,,
whole,adjective,A2,bütün (tüm),,,
wholly,adverb,C1,tamamen,,,
whom,pronoun,B2,kimi (kime),,,
whose,determiner,A2,kimin,,,
why,adverb,A1,neden,,,
wide,adjective,A2,geniş,,,
widely,adverb,B2,yaygın olarak,,,
widen,verb,C1,genişletmek,,,
widespread,adjective,B2,yaygın,,,
widow,noun,C1,dul kadın,,,
width,noun,C1,genişlik,,,
wife,noun,A1,eş (karı),,,
wild,adjective,A2,vahşi (yabani),,,
wildlife,noun,B2,yaban hayatı,,,
will,modal verb,A1,-ecek (gelecek zaman),,,
willing,adjective,B2,istekli (gönüllü),,,
willingness,noun,C1,isteklilik,,,
win,verb,A1,kazanmak,,,
wind,noun,A2,rüzgar,,zelfstandig naamwoord (wind) — zie ook wind (werkwoord) (moving air),
wind,verb,B2,kıvrılmak (sarmak),,"werkwoord — zie ook wind (zelfstandig naamwoord) (to twist, wrap around)",
window,noun,A1,pencere,,,
wine,noun,A1,şarap,,,
wing,noun,B1,kanat,,,
winner,noun,A2,kazanan,,,
winter,noun,A1,kış,,,
wipe,verb,C1,silmek,,,
wire,noun,B2,tel (kablo),,,
wisdom,noun,B2,bilgelik,,,
wise,adjective,B2,akıllı (bilge),,,
wish,verb,A2,dilemek,,werkwoord — zie ook wish (zelfstandig naamwoord) (to hope for something),
wish,noun,A2,dilek,,zelfstandig naamwoord — zie ook wish (werkwoord) (a hope for something),
wit,noun,C1,espri yeteneği,zeka,,
with,preposition,A1,ile,,,
withdraw,verb,B2,geri çekmek,para çekmek,,
withdrawal,noun,C1,geri çekilme,,"zelfstandig naamwoord (terugtrekking, bv. militair) — zie ook withdrawal (geldopname)",
withdrawal,noun,C1,para çekme,,zelfstandig naamwoord (geldopname bij de bank) — zie ook withdrawal (terugtrekking),
within,preposition,B1,içinde (sınırları içinde),,,
without,preposition,A1,olmadan,,,
witness,noun,B2,tanık,,zelfstandig naamwoord — zie ook witness (werkwoord) (someone who saw an event),
witness,verb,B2,tanık olmak,,werkwoord — zie ook witness (zelfstandig naamwoord) (to see an event happen),
wolf,noun,B2,kurt,,,
woman,noun,A1,kadın,,,
wonder,verb,B1,merak etmek,,,
wonderful,adjective,A1,harika,,,
wood,noun,A2,odun (ahşap),,,
wooden,adjective,A2,ahşap,,,
wool,noun,B1,yün,,,
word,noun,A1,kelime,,,
work,verb,A1,çalışmak,,"werkwoord — zie ook work (zelfstandig naamwoord) (to do a job, or to function properly)",
work,noun,A1,iş,,"zelfstandig naamwoord — zie ook work (werkwoord) (a job, or effort)",
worker,noun,A1,işçi,,,
workforce,noun,B2,iş gücü,,,
working,adjective,A2,çalışan,,,
workout,noun,C1,antrenman,egzersiz,,
workplace,noun,B2,işyeri,,,
workshop,noun,B2,atölye çalışması,,,
world,noun,A1,dünya,,,
worldwide,adjective,B1,dünya çapında,,,
worm,noun,B2,solucan,,,
worried,adjective,A2,endişeli,,,
worry,verb,A2,endişelenmek,,werkwoord — zie ook worry (zelfstandig naamwoord) (to feel uneasy about),
worry,noun,B1,endişe,,zelfstandig naamwoord — zie ook worry (werkwoord) (a feeling of unease),
worse,adjective,A2,daha kötü,,,
worship,noun,C1,ibadet,tapınma,zelfstandig naamwoord — zie ook worship (werkwoord) (religious devotion),
worship,verb,C1,ibadet etmek,tapmak,werkwoord — zie ook worship (zelfstandig naamwoord) (to show religious devotion to),
worst,adjective,A2,en kötü,,,
worth,adjective,B1,değerinde,,,
worthwhile,adjective,C1,değerli (zahmete değer),,,
worthy,adjective,C1,layık,değerli,,
would,modal verb,A1,-erdi (koşullu),,,
wound,noun,B2,yara,,,
wow,exclamation,A2,vay canına,,,
wrap,verb,B2,sarmak (paketlemek),,,
wrist,noun,B2,bilek,,,
write,verb,A1,yazmak,,,
writer,noun,A1,yazar,,,
writing,noun,A1,yazı (yazma),,,
written,adjective,B1,yazılı,,,
wrong,adjective,A1,yanlış,,,
yard,noun,A1,avlu (yarda),,,
yeah,exclamation,A1,evet (yea),,,informeel
year,noun,A1,yıl,,,
yell,verb,C1,bağırmak,,,
yellow,adjective,A1,sarı,,,
yes,exclamation,A1,evet,,,
yesterday,adverb,A1,dün,,,
yet,adverb,A2,henüz,,,
yield,noun,C1,verim,,zelfstandig naamwoord — zie ook yield (werkwoord) (the amount produced),
yield,verb,C1,vermek,,"werkwoord (een oogst/opbrengst geven) — zie ook yield (toegeven) (to produce, or to give way)",
yield,verb,C1,boyun eğmek,,"werkwoord (toegeven/zich gewonnen geven) — zie ook yield (opbrengst geven) (to produce, or to give way)",
you,pronoun,A1,sen (siz),,,
young,adjective,A1,genç,,,
your,determiner,A1,senin (sizin),,,
yours,pronoun,A2,seninki (sizinki),,,
yourself,pronoun,A1,kendin,,,
youth,noun,B1,gençlik,,,
zero,number,A2,sıfır,,,
zone,noun,B2,bölge (alan),,,
abundance,noun,C1-mid,bolluk,,,
accordance,noun,C1-end,uygunluk,,"vaak in de vaste uitdrukking ""in accordance with"" (...'a uygun olarak)",
afterwards,adverb,B2-end,daha sonra,,,
albeit,conjunction,C1,her ne kadar da olsa,,formeel/literair register,
any more,adverb,A2-end,artık (değil),,alleen in ontkennende zinnen," bv. ""not any more""",
arguably,adverb,C1-mid,büyük olasılıkla,,,
auxiliary,adjective,B2,yardımcı,,bv. yardımcı fiil = auxiliary verb; in de brondata stond dit ten onrechte als werkwoord op A1-niveau gecategoriseerd, gecorrigeerd naar bijvoeglijk naamwoord op B2,
backwards,adverb,B1-end,geriye doğru,,,
bin,noun,A2,çöp kutusu,,,
biscuit,noun,A2-mid,bisküvi,,,
blonde,adjective,A1-mid,sarışın,,,
cinema,noun,A1-mid,sinema,,,
computer,noun,A1-end,bilgisayar,,,
concentrate,verb,B1-end,yoğunlaşmak,,,
concentration,noun,B2-end,yoğunlaşma,,,
concept,noun,B2-mid,kavram,,,
concern,noun,B2-mid,endişe,,,
concerned,adjective,B2-end,endişeli,,,
concert,noun,A1-end,konser,,,
conclude,verb,B1-mid,sonuca varmak,,,
conclusion,noun,B1-end,sonuç,,,
condition,noun,A2-end,durum,,,
conduct,verb,B2-mid,yürütmek,,bv. bir araştırma yürütmek = to conduct a study,
conference,noun,A2-end,konferans,,,
confidence,noun,B2-end,güven,,,
confident,adjective,B1-end,kendinden emin,,,
confirm,verb,B1-mid,onaylamak,,,
conflict,noun,B2-mid,çatışma,,,
confuse,verb,B1-mid,kafasını karıştırmak,,,
confused,adjective,B1-mid,kafası karışık,,,
confusing,adjective,B2-end,kafa karıştırıcı,,,
connect,verb,A2-mid,bağlamak,,,
connected,adjective,A2-end,bağlı,,,
connection,noun,B1-end,bağlantı,,,
conscious,adjective,B2-end,bilinçli,,,
consequence,noun,B1-end,sonuç,,,
conservative,adjective,B2-end,muhafazakâr,,,
consider,verb,A2-end,değerlendirmek,,,
consideration,noun,B2-end,dikkate alma,,,
consist,verb,B1-mid,oluşmak,,"consist of -- oluşmak wordt hier ook al voor ""comprise"" gebruikt", dat is prima aangezien het bijna-synoniemen zijn,
consistent,adjective,B2-end,tutarlı,,,
constant,adjective,B2-mid,sabit,,,
constantly,adverb,B2-end,sürekli olarak,,,
constituency,noun,C1-end,seçim bölgesi,,,
construct,verb,B2-end,inşa etmek,,,
construction,noun,B2-mid,inşaat,,,
consume,verb,B1-mid,tüketmek,,,
consumer,noun,B1-mid,tüketici,,,
contact,noun,B1-mid,temas,,,
contain,verb,A2-mid,içermek,,,
container,noun,B1-end,kap,,,
contemporary,adjective,B2-end,çağdaş,,,
contest,noun,B2-mid,yarışma,,,
context,noun,A2-mid,bağlam,,,
continent,noun,A2-end,kıta,,,
continue,verb,A2-end,devam etmek,,,
continuous,adjective,B1-end,sürekli,,,
contract,noun,B2-mid,sözleşme,,,
contrast,noun,B1-mid,karşıtlık,,,
contribute,verb,B2-end,katkıda bulunmak,,,
contribution,noun,B2-end,katkı,,,
control,noun,A2-mid,kontrol,,,
convenient,adjective,B1-end,uygun,,,
conversation,noun,A1-end,sohbet,,,
convert,verb,B2-mid,dönüştürmek,,,
convince,verb,B1-mid,ikna etmek,,,
convinced,adjective,B2-end,ikna olmuş,,,
cook,verb,A1,pişirmek,,,
cooker,noun,A2-mid,ocak,,keukenfornuis,
cooking,noun,A1-end,yemek pişirme,,,
cool,adjective,A1,serin,,"temperatuur; informele betekenis (""cool/awesome"") niet meegenomen op dit basisniveau",
copy,noun,A2,kopya,,,
core,noun,B2,çekirdek,,,
corner,noun,A2-mid,köşe,,,
corporate,adjective,B2-end,kurumsal,,,
correct,adjective,A1-end,doğru,,,
correctly,adverb,A2-end,doğru bir şekilde,,,
cost,noun,A1,maliyet,,,
costume,noun,B1-mid,kostüm,,,
cottage,noun,B1-mid,yazlık ev,,klein huisje, vaak op het platteland,
cotton,noun,B1,pamuk,,,
could,modal verb,A1-end,-ebilirdi,,,
council,noun,B2-mid,konsey,,,
count,verb,A2,saymak,,,
country,noun,A1-end,ülke,,,
countryside,noun,B1-end,kırsal alan,,,
county,noun,B2,il,,grofweg equivalent, Amerikaans bestuurlijk systeem heeft geen exacte Turkse tegenhanger,
couple,noun,A2-mid,çift,,,
courage,noun,B2-mid,cesaret,,,
course,noun,A1-mid,kurs,,,
court,noun,B1,mahkeme,,,
cousin,noun,A1-mid,kuzen,,,
cover,verb,A2,örtmek,,,
covered,adjective,B1-mid,örtülü,,,
cow,noun,A1,inek,,,
crash,noun,B2,çarpışma,,,
crazy,adjective,A2-mid,çılgın,,,
cream,noun,A1-mid,krema,,,
create,verb,A1-mid,yaratmak,,,
creation,noun,B2-mid,yaratım,,,
creative,adjective,A2-end,yaratıcı,,,
creature,noun,B2-mid,yaratık,,,
credit,noun,A2-mid,kredi,,,
crew,noun,B2,mürettebat,,,
crime,noun,A2,suç,,,
criminal,noun,A2-mid,suçlu,,,
crisis,noun,B2,kriz,,,
criterion,noun,B2-end,kriter,,,
critic,noun,B2,eleştirmen,,,
critical,adjective,B2-mid,kritik,,,
criticism,noun,B2-end,eleştiri,,,
criticize,verb,B2-end,eleştirmek,,,
crop,noun,B2,mahsul,,,
cross,verb,A2,geçmek,,,
crowd,noun,A2,kalabalık,,,
crowded,adjective,A2-mid,kalabalık,,,
crucial,adjective,B2-mid,hayati,,,
cruel,adjective,B1,acımasız,,,
cry,verb,A2,ağlamak,,,
cultural,adjective,B1-mid,kültürel,,,
culture,noun,A1-end,kültür,,,
cup,noun,A1,fincan,,,
cupboard,noun,A2-end,dolap,,,
cure,verb,B2,iyileştirmek,,,
curly,adjective,A2,kıvırcık,,,
currency,noun,B1-mid,para birimi,,,
current,adjective,B1-mid,güncel,,,
currently,adverb,B1-end,şu anda,,,
curtain,noun,B1-mid,perde,,,
curve,noun,B2,eğri,,,
curved,adjective,B2,kavisli,,,
custom,noun,B1,gelenek,,,
customer,noun,A1-end,müşteri,,,
cut,verb,A1,kesmek,,,
cycle,noun,A2,döngü,,,
deem,verb,C1,saymak,,"bv. ""deemed necessary"" = gerekli sayılmak",
delight,verb,B2-mid,sevindirmek,,,
firstly,adverb,A2-mid,ilk olarak,,,
fixture,noun,C1-mid,sabit tesisat,,ook: vaste plek in een sportcompetitieschema (fikstür),
fridge,noun,A2-mid,buzdolabı,,informele/verkorte vorm van refrigerator,
idiot,noun,C1,aptal,,informeel — kan als belediging worden opgevat,
imprisonment,noun,C1-end,hapis,,,
indictment,noun,C1-end,iddianame,,,
junction,noun,C1-mid,kavşak,,,
lad,noun,C1,delikanlı,,informeel, Brits,
leaflet,noun,B2-mid,el ilanı,,,
long-time,adjective,C1-end,eski,,in de zin van langdurig/al lang bestaand," bv. ""long-time friend"" = eski dost",
lorry,noun,A2,kamyon,,Brits Engels voor truck,
lovely,adjective,A2-mid,hoş,,,
magistrate,noun,C1-end,sulh hakimi,,,
motorist,noun,C1-mid,sürücü,,,
mum,noun,A1,anne,,informeel, Brits (vgl. mom),
parish,noun,C1,kilise bölgesi,,,
parliamentary,adjective,C1-end,parlamenter,,,
petrol,noun,A2-mid,benzin,,Brits Engels voor gas/gasoline,
post-war,adjective,C1-mid,savaş sonrası,,,
pub,noun,A2,birahane,,,
pupil,noun,B2,öğrenci,,,
queue,noun,B1,sıra,,,
rubbish,noun,A2-end,çöp,,Brits Engels voor garbage/trash,
rugby,noun,B1,ragbi,,,
sack,verb,C1,kovmak,,"informeel — bv. ""get sacked"" = kovulmak",
scheme,noun,B2,tasarı,,,
sexy,adjective,B2,seksi,,,
shaped,adjective,B2-mid,şekilli,,,
solicitor,noun,C1-end,avukat,,Brits type advocaat,
sporting,adjective,B2-end,sportif,,,
teens,noun,B2,gençlik çağı,,,
tidy,adjective,A2,derli toplu,,,
tin,noun,B1,teneke kutu,,Brits Engels voor can,
tribunal,noun,C1-mid,mahkeme heyeti,,,
trousers,noun,A1-end,pantolon,,,
villager,noun,C1-mid,köylü,,,
youngster,noun,C1-end,genç,,,
